filename,path,md5sum
INSPIRE.xml,S2A_MSIL1C_20191122T142731_N0208_R053_T20MRD_20191122T160846.SAFE/S2A_MSIL1C_20191122T142731_N0208_R053_T20MRD_20191122T160846.SAFE/INSPIRE.xml,f87809a0b310c9c94b242d642989c0f4
manifest.safe,S2A_MSIL1C_20191122T142731_N0208_R053_T20MRD_20191122T160846.SAFE/S2A_MSIL1C_20191122T142731_N0208_R053_T20MRD_20191122T160846.SAFE/manifest.safe,41ccf623212ec2f1ebc2f2d11b7c8cd6
MTD_MSIL1C.xml,S2A_MSIL1C_20191122T142731_N0208_R053_T20MRD_20191122T160846.SAFE/S2A_MSIL1C_20191122T142731_N0208_R053_T20MRD_20191122T160846.SAFE/MTD_MSIL1C.xml,472deb1310a432581e03be2469ebda69
MTD_DS.xml,S2A_MSIL1C_20191122T142731_N0208_R053_T20MRD_20191122T160846.SAFE/S2A_MSIL1C_20191122T142731_N0208_R053_T20MRD_20191122T160846.SAFE/DATASTRIP\DS_SGS__20191122T160846_S20191122T142731\MTD_DS.xml,9d6c9ce0c2aaf876822c9c70ec2b3e83
FORMAT_CORRECTNESS.xml,S2A_MSIL1C_20191122T142731_N0208_R053_T20MRD_20191122T160846.SAFE/S2A_MSIL1C_20191122T142731_N0208_R053_T20MRD_20191122T160846.SAFE/DATASTRIP\DS_SGS__20191122T160846_S20191122T142731\QI_DATA\FORMAT_CORRECTNESS.xml,bef92600d53acf9d7f964376669a843d
GENERAL_QUALITY.xml,S2A_MSIL1C_20191122T142731_N0208_R053_T20MRD_20191122T160846.SAFE/S2A_MSIL1C_20191122T142731_N0208_R053_T20MRD_20191122T160846.SAFE/DATASTRIP\DS_SGS__20191122T160846_S20191122T142731\QI_DATA\GENERAL_QUALITY.xml,8c720dffc1aa39a2bf3088cf42207267
GEOMETRIC_QUALITY.xml,S2A_MSIL1C_20191122T142731_N0208_R053_T20MRD_20191122T160846.SAFE/S2A_MSIL1C_20191122T142731_N0208_R053_T20MRD_20191122T160846.SAFE/DATASTRIP\DS_SGS__20191122T160846_S20191122T142731\QI_DATA\GEOMETRIC_QUALITY.xml,ad0f271cae9bb0b92e257b31acae309b
RADIOMETRIC_QUALITY.xml,S2A_MSIL1C_20191122T142731_N0208_R053_T20MRD_20191122T160846.SAFE/S2A_MSIL1C_20191122T142731_N0208_R053_T20MRD_20191122T160846.SAFE/DATASTRIP\DS_SGS__20191122T160846_S20191122T142731\QI_DATA\RADIOMETRIC_QUALITY.xml,0e97e0fc848d793e01ec9c774a8491c1
SENSOR_QUALITY.xml,S2A_MSIL1C_20191122T142731_N0208_R053_T20MRD_20191122T160846.SAFE/S2A_MSIL1C_20191122T142731_N0208_R053_T20MRD_20191122T160846.SAFE/DATASTRIP\DS_SGS__20191122T160846_S20191122T142731\QI_DATA\SENSOR_QUALITY.xml,4b2cf169f835d76607b0db27df47f8d4
MTD_TL.xml,S2A_MSIL1C_20191122T142731_N0208_R053_T20MRD_20191122T160846.SAFE/S2A_MSIL1C_20191122T142731_N0208_R053_T20MRD_20191122T160846.SAFE/GRANULE\L1C_T20MRD_A023073_20191122T142731\MTD_TL.xml,03bb83c815d3b07316a26e3d8382d8cf
AUX_ECMWFT,S2A_MSIL1C_20191122T142731_N0208_R053_T20MRD_20191122T160846.SAFE/S2A_MSIL1C_20191122T142731_N0208_R053_T20MRD_20191122T160846.SAFE/GRANULE\L1C_T20MRD_A023073_20191122T142731\AUX_DATA\AUX_ECMWFT,7555f379e28ab9062d53ea6e0d07ed77
T20MRD_20191122T142731_B01.jp2,S2A_MSIL1C_20191122T142731_N0208_R053_T20MRD_20191122T160846.SAFE/S2A_MSIL1C_20191122T142731_N0208_R053_T20MRD_20191122T160846.SAFE/GRANULE\L1C_T20MRD_A023073_20191122T142731\IMG_DATA\T20MRD_20191122T142731_B01.jp2,f61c3f714a5cc22d165b5644013c74a4
T20MRD_20191122T142731_B02.jp2,S2A_MSIL1C_20191122T142731_N0208_R053_T20MRD_20191122T160846.SAFE/S2A_MSIL1C_20191122T142731_N0208_R053_T20MRD_20191122T160846.SAFE/GRANULE\L1C_T20MRD_A023073_20191122T142731\IMG_DATA\T20MRD_20191122T142731_B02.jp2,c75271a3bbd5cad66193869a500c2bb1
T20MRD_20191122T142731_B03.jp2,S2A_MSIL1C_20191122T142731_N0208_R053_T20MRD_20191122T160846.SAFE/S2A_MSIL1C_20191122T142731_N0208_R053_T20MRD_20191122T160846.SAFE/GRANULE\L1C_T20MRD_A023073_20191122T142731\IMG_DATA\T20MRD_20191122T142731_B03.jp2,330cfcd094b2c42825c79c49dde7670c
T20MRD_20191122T142731_B04.jp2,S2A_MSIL1C_20191122T142731_N0208_R053_T20MRD_20191122T160846.SAFE/S2A_MSIL1C_20191122T142731_N0208_R053_T20MRD_20191122T160846.SAFE/GRANULE\L1C_T20MRD_A023073_20191122T142731\IMG_DATA\T20MRD_20191122T142731_B04.jp2,1c0b1a9608a118177a039652de801382
T20MRD_20191122T142731_B05.jp2,S2A_MSIL1C_20191122T142731_N0208_R053_T20MRD_20191122T160846.SAFE/S2A_MSIL1C_20191122T142731_N0208_R053_T20MRD_20191122T160846.SAFE/GRANULE\L1C_T20MRD_A023073_20191122T142731\IMG_DATA\T20MRD_20191122T142731_B05.jp2,2d8a49ad22a2d430fd8f7d5ff30b86ad
T20MRD_20191122T142731_B06.jp2,S2A_MSIL1C_20191122T142731_N0208_R053_T20MRD_20191122T160846.SAFE/S2A_MSIL1C_20191122T142731_N0208_R053_T20MRD_20191122T160846.SAFE/GRANULE\L1C_T20MRD_A023073_20191122T142731\IMG_DATA\T20MRD_20191122T142731_B06.jp2,a6b978f87200feba46d001380925180e
T20MRD_20191122T142731_B07.jp2,S2A_MSIL1C_20191122T142731_N0208_R053_T20MRD_20191122T160846.SAFE/S2A_MSIL1C_20191122T142731_N0208_R053_T20MRD_20191122T160846.SAFE/GRANULE\L1C_T20MRD_A023073_20191122T142731\IMG_DATA\T20MRD_20191122T142731_B07.jp2,1aea6f63a72fbea078675c9bb490cb33
T20MRD_20191122T142731_B08.jp2,S2A_MSIL1C_20191122T142731_N0208_R053_T20MRD_20191122T160846.SAFE/S2A_MSIL1C_20191122T142731_N0208_R053_T20MRD_20191122T160846.SAFE/GRANULE\L1C_T20MRD_A023073_20191122T142731\IMG_DATA\T20MRD_20191122T142731_B08.jp2,148bcd460af220ca67716fa949336599
T20MRD_20191122T142731_B09.jp2,S2A_MSIL1C_20191122T142731_N0208_R053_T20MRD_20191122T160846.SAFE/S2A_MSIL1C_20191122T142731_N0208_R053_T20MRD_20191122T160846.SAFE/GRANULE\L1C_T20MRD_A023073_20191122T142731\IMG_DATA\T20MRD_20191122T142731_B09.jp2,5c71208fcaed69d80038c1e9bd9867a6
T20MRD_20191122T142731_B10.jp2,S2A_MSIL1C_20191122T142731_N0208_R053_T20MRD_20191122T160846.SAFE/S2A_MSIL1C_20191122T142731_N0208_R053_T20MRD_20191122T160846.SAFE/GRANULE\L1C_T20MRD_A023073_20191122T142731\IMG_DATA\T20MRD_20191122T142731_B10.jp2,a75d4c36e917ebaa949c532c9f772c5e
T20MRD_20191122T142731_B11.jp2,S2A_MSIL1C_20191122T142731_N0208_R053_T20MRD_20191122T160846.SAFE/S2A_MSIL1C_20191122T142731_N0208_R053_T20MRD_20191122T160846.SAFE/GRANULE\L1C_T20MRD_A023073_20191122T142731\IMG_DATA\T20MRD_20191122T142731_B11.jp2,31369692e855ab0f12ee378ca56e5912
T20MRD_20191122T142731_B12.jp2,S2A_MSIL1C_20191122T142731_N0208_R053_T20MRD_20191122T160846.SAFE/S2A_MSIL1C_20191122T142731_N0208_R053_T20MRD_20191122T160846.SAFE/GRANULE\L1C_T20MRD_A023073_20191122T142731\IMG_DATA\T20MRD_20191122T142731_B12.jp2,40bc20f0fe1d62663992200690263659
T20MRD_20191122T142731_B8A.jp2,S2A_MSIL1C_20191122T142731_N0208_R053_T20MRD_20191122T160846.SAFE/S2A_MSIL1C_20191122T142731_N0208_R053_T20MRD_20191122T160846.SAFE/GRANULE\L1C_T20MRD_A023073_20191122T142731\IMG_DATA\T20MRD_20191122T142731_B8A.jp2,b4c2079c65e551e0a28a6b7ef3d45613
T20MRD_20191122T142731_TCI.jp2,S2A_MSIL1C_20191122T142731_N0208_R053_T20MRD_20191122T160846.SAFE/S2A_MSIL1C_20191122T142731_N0208_R053_T20MRD_20191122T160846.SAFE/GRANULE\L1C_T20MRD_A023073_20191122T142731\IMG_DATA\T20MRD_20191122T142731_TCI.jp2,c0efcd748d949fc9008d26effe7f77c9
FORMAT_CORRECTNESS.xml,S2A_MSIL1C_20191122T142731_N0208_R053_T20MRD_20191122T160846.SAFE/S2A_MSIL1C_20191122T142731_N0208_R053_T20MRD_20191122T160846.SAFE/GRANULE\L1C_T20MRD_A023073_20191122T142731\QI_DATA\FORMAT_CORRECTNESS.xml,a8d7380ee9879efa1260bd9118bc7167
GENERAL_QUALITY.xml,S2A_MSIL1C_20191122T142731_N0208_R053_T20MRD_20191122T160846.SAFE/S2A_MSIL1C_20191122T142731_N0208_R053_T20MRD_20191122T160846.SAFE/GRANULE\L1C_T20MRD_A023073_20191122T142731\QI_DATA\GENERAL_QUALITY.xml,ae1d21739ca04aa44749e8be3e290c25
GEOMETRIC_QUALITY.xml,S2A_MSIL1C_20191122T142731_N0208_R053_T20MRD_20191122T160846.SAFE/S2A_MSIL1C_20191122T142731_N0208_R053_T20MRD_20191122T160846.SAFE/GRANULE\L1C_T20MRD_A023073_20191122T142731\QI_DATA\GEOMETRIC_QUALITY.xml,8d4867d89d6de9ae50d87aabeba3fb16
MSK_CLOUDS_B00.gml,S2A_MSIL1C_20191122T142731_N0208_R053_T20MRD_20191122T160846.SAFE/S2A_MSIL1C_20191122T142731_N0208_R053_T20MRD_20191122T160846.SAFE/GRANULE\L1C_T20MRD_A023073_20191122T142731\QI_DATA\MSK_CLOUDS_B00.gml,bc98f791f8ff84c10454f41b45595434
MSK_DEFECT_B01.gml,S2A_MSIL1C_20191122T142731_N0208_R053_T20MRD_20191122T160846.SAFE/S2A_MSIL1C_20191122T142731_N0208_R053_T20MRD_20191122T160846.SAFE/GRANULE\L1C_T20MRD_A023073_20191122T142731\QI_DATA\MSK_DEFECT_B01.gml,4ddb28528bca87909078aea6cd25b7be
MSK_DEFECT_B02.gml,S2A_MSIL1C_20191122T142731_N0208_R053_T20MRD_20191122T160846.SAFE/S2A_MSIL1C_20191122T142731_N0208_R053_T20MRD_20191122T160846.SAFE/GRANULE\L1C_T20MRD_A023073_20191122T142731\QI_DATA\MSK_DEFECT_B02.gml,6c9127ea2f9ac17a9f3ec2d0063c8385
MSK_DEFECT_B03.gml,S2A_MSIL1C_20191122T142731_N0208_R053_T20MRD_20191122T160846.SAFE/S2A_MSIL1C_20191122T142731_N0208_R053_T20MRD_20191122T160846.SAFE/GRANULE\L1C_T20MRD_A023073_20191122T142731\QI_DATA\MSK_DEFECT_B03.gml,25181f6d2e8f4169e76a116f0af257fb
MSK_DEFECT_B04.gml,S2A_MSIL1C_20191122T142731_N0208_R053_T20MRD_20191122T160846.SAFE/S2A_MSIL1C_20191122T142731_N0208_R053_T20MRD_20191122T160846.SAFE/GRANULE\L1C_T20MRD_A023073_20191122T142731\QI_DATA\MSK_DEFECT_B04.gml,7275a52f745d355e440df907d4b142b7
MSK_DEFECT_B05.gml,S2A_MSIL1C_20191122T142731_N0208_R053_T20MRD_20191122T160846.SAFE/S2A_MSIL1C_20191122T142731_N0208_R053_T20MRD_20191122T160846.SAFE/GRANULE\L1C_T20MRD_A023073_20191122T142731\QI_DATA\MSK_DEFECT_B05.gml,ae56ff84d51d4d9f3803209f983b10b4
MSK_DEFECT_B06.gml,S2A_MSIL1C_20191122T142731_N0208_R053_T20MRD_20191122T160846.SAFE/S2A_MSIL1C_20191122T142731_N0208_R053_T20MRD_20191122T160846.SAFE/GRANULE\L1C_T20MRD_A023073_20191122T142731\QI_DATA\MSK_DEFECT_B06.gml,1cd8da75b2ae32b484561191ec531550
MSK_DEFECT_B07.gml,S2A_MSIL1C_20191122T142731_N0208_R053_T20MRD_20191122T160846.SAFE/S2A_MSIL1C_20191122T142731_N0208_R053_T20MRD_20191122T160846.SAFE/GRANULE\L1C_T20MRD_A023073_20191122T142731\QI_DATA\MSK_DEFECT_B07.gml,16457b3da739d35c5392cb364c5cbc3e
MSK_DEFECT_B08.gml,S2A_MSIL1C_20191122T142731_N0208_R053_T20MRD_20191122T160846.SAFE/S2A_MSIL1C_20191122T142731_N0208_R053_T20MRD_20191122T160846.SAFE/GRANULE\L1C_T20MRD_A023073_20191122T142731\QI_DATA\MSK_DEFECT_B08.gml,9d2cc73366b8db345b400ef51bcbcbf0
MSK_DEFECT_B09.gml,S2A_MSIL1C_20191122T142731_N0208_R053_T20MRD_20191122T160846.SAFE/S2A_MSIL1C_20191122T142731_N0208_R053_T20MRD_20191122T160846.SAFE/GRANULE\L1C_T20MRD_A023073_20191122T142731\QI_DATA\MSK_DEFECT_B09.gml,39e3a215b55b54ff64189ff7ae2ea13f
MSK_DEFECT_B10.gml,S2A_MSIL1C_20191122T142731_N0208_R053_T20MRD_20191122T160846.SAFE/S2A_MSIL1C_20191122T142731_N0208_R053_T20MRD_20191122T160846.SAFE/GRANULE\L1C_T20MRD_A023073_20191122T142731\QI_DATA\MSK_DEFECT_B10.gml,e68f28cb4d025ffa6560e9b47addde01
MSK_DEFECT_B11.gml,S2A_MSIL1C_20191122T142731_N0208_R053_T20MRD_20191122T160846.SAFE/S2A_MSIL1C_20191122T142731_N0208_R053_T20MRD_20191122T160846.SAFE/GRANULE\L1C_T20MRD_A023073_20191122T142731\QI_DATA\MSK_DEFECT_B11.gml,29a0fd7f7b0d7b992f253c914f297164
MSK_DEFECT_B12.gml,S2A_MSIL1C_20191122T142731_N0208_R053_T20MRD_20191122T160846.SAFE/S2A_MSIL1C_20191122T142731_N0208_R053_T20MRD_20191122T160846.SAFE/GRANULE\L1C_T20MRD_A023073_20191122T142731\QI_DATA\MSK_DEFECT_B12.gml,61c4143586a3ff2fe4338ed31f6abc21
MSK_DEFECT_B8A.gml,S2A_MSIL1C_20191122T142731_N0208_R053_T20MRD_20191122T160846.SAFE/S2A_MSIL1C_20191122T142731_N0208_R053_T20MRD_20191122T160846.SAFE/GRANULE\L1C_T20MRD_A023073_20191122T142731\QI_DATA\MSK_DEFECT_B8A.gml,bb9f85468260cdaa9a79f06a7d6c903e
MSK_DETFOO_B01.gml,S2A_MSIL1C_20191122T142731_N0208_R053_T20MRD_20191122T160846.SAFE/S2A_MSIL1C_20191122T142731_N0208_R053_T20MRD_20191122T160846.SAFE/GRANULE\L1C_T20MRD_A023073_20191122T142731\QI_DATA\MSK_DETFOO_B01.gml,81a1387109f495e8578563ec7ed96d82
MSK_DETFOO_B02.gml,S2A_MSIL1C_20191122T142731_N0208_R053_T20MRD_20191122T160846.SAFE/S2A_MSIL1C_20191122T142731_N0208_R053_T20MRD_20191122T160846.SAFE/GRANULE\L1C_T20MRD_A023073_20191122T142731\QI_DATA\MSK_DETFOO_B02.gml,541640149f9815e448e271d7d2a67dcf
MSK_DETFOO_B03.gml,S2A_MSIL1C_20191122T142731_N0208_R053_T20MRD_20191122T160846.SAFE/S2A_MSIL1C_20191122T142731_N0208_R053_T20MRD_20191122T160846.SAFE/GRANULE\L1C_T20MRD_A023073_20191122T142731\QI_DATA\MSK_DETFOO_B03.gml,a59749c723ef9b74c444e30317b45294
MSK_DETFOO_B04.gml,S2A_MSIL1C_20191122T142731_N0208_R053_T20MRD_20191122T160846.SAFE/S2A_MSIL1C_20191122T142731_N0208_R053_T20MRD_20191122T160846.SAFE/GRANULE\L1C_T20MRD_A023073_20191122T142731\QI_DATA\MSK_DETFOO_B04.gml,094ee062016fea4bd8c853418302d682
MSK_DETFOO_B05.gml,S2A_MSIL1C_20191122T142731_N0208_R053_T20MRD_20191122T160846.SAFE/S2A_MSIL1C_20191122T142731_N0208_R053_T20MRD_20191122T160846.SAFE/GRANULE\L1C_T20MRD_A023073_20191122T142731\QI_DATA\MSK_DETFOO_B05.gml,077a59d24b7afb2a68e44b753d7689fb
MSK_DETFOO_B06.gml,S2A_MSIL1C_20191122T142731_N0208_R053_T20MRD_20191122T160846.SAFE/S2A_MSIL1C_20191122T142731_N0208_R053_T20MRD_20191122T160846.SAFE/GRANULE\L1C_T20MRD_A023073_20191122T142731\QI_DATA\MSK_DETFOO_B06.gml,a4c7337ac08b0cc16fd1346d39c0e488
MSK_DETFOO_B07.gml,S2A_MSIL1C_20191122T142731_N0208_R053_T20MRD_20191122T160846.SAFE/S2A_MSIL1C_20191122T142731_N0208_R053_T20MRD_20191122T160846.SAFE/GRANULE\L1C_T20MRD_A023073_20191122T142731\QI_DATA\MSK_DETFOO_B07.gml,6402d945f46fe15d790244e6bbcdd0c3
MSK_DETFOO_B08.gml,S2A_MSIL1C_20191122T142731_N0208_R053_T20MRD_20191122T160846.SAFE/S2A_MSIL1C_20191122T142731_N0208_R053_T20MRD_20191122T160846.SAFE/GRANULE\L1C_T20MRD_A023073_20191122T142731\QI_DATA\MSK_DETFOO_B08.gml,29173ddfdd5b7ed37fa3a902b0ae19c1
MSK_DETFOO_B09.gml,S2A_MSIL1C_20191122T142731_N0208_R053_T20MRD_20191122T160846.SAFE/S2A_MSIL1C_20191122T142731_N0208_R053_T20MRD_20191122T160846.SAFE/GRANULE\L1C_T20MRD_A023073_20191122T142731\QI_DATA\MSK_DETFOO_B09.gml,23cbdf51fa8067bdbbc704d24b20b1aa
MSK_DETFOO_B10.gml,S2A_MSIL1C_20191122T142731_N0208_R053_T20MRD_20191122T160846.SAFE/S2A_MSIL1C_20191122T142731_N0208_R053_T20MRD_20191122T160846.SAFE/GRANULE\L1C_T20MRD_A023073_20191122T142731\QI_DATA\MSK_DETFOO_B10.gml,42a24fb55bbc661e4e52af95acce281d
MSK_DETFOO_B11.gml,S2A_MSIL1C_20191122T142731_N0208_R053_T20MRD_20191122T160846.SAFE/S2A_MSIL1C_20191122T142731_N0208_R053_T20MRD_20191122T160846.SAFE/GRANULE\L1C_T20MRD_A023073_20191122T142731\QI_DATA\MSK_DETFOO_B11.gml,04b7f0a8626a3f18e7e14b3eaf83bc2b
MSK_DETFOO_B12.gml,S2A_MSIL1C_20191122T142731_N0208_R053_T20MRD_20191122T160846.SAFE/S2A_MSIL1C_20191122T142731_N0208_R053_T20MRD_20191122T160846.SAFE/GRANULE\L1C_T20MRD_A023073_20191122T142731\QI_DATA\MSK_DETFOO_B12.gml,a8df73204dd903166e5d788606b32903
MSK_DETFOO_B8A.gml,S2A_MSIL1C_20191122T142731_N0208_R053_T20MRD_20191122T160846.SAFE/S2A_MSIL1C_20191122T142731_N0208_R053_T20MRD_20191122T160846.SAFE/GRANULE\L1C_T20MRD_A023073_20191122T142731\QI_DATA\MSK_DETFOO_B8A.gml,4808eae699f700db13e0f4f29e2b020e
MSK_NODATA_B01.gml,S2A_MSIL1C_20191122T142731_N0208_R053_T20MRD_20191122T160846.SAFE/S2A_MSIL1C_20191122T142731_N0208_R053_T20MRD_20191122T160846.SAFE/GRANULE\L1C_T20MRD_A023073_20191122T142731\QI_DATA\MSK_NODATA_B01.gml,be3d754851bcbe354a3fab2db38cd74d
MSK_NODATA_B02.gml,S2A_MSIL1C_20191122T142731_N0208_R053_T20MRD_20191122T160846.SAFE/S2A_MSIL1C_20191122T142731_N0208_R053_T20MRD_20191122T160846.SAFE/GRANULE\L1C_T20MRD_A023073_20191122T142731\QI_DATA\MSK_NODATA_B02.gml,46e459fd6ce25cc94ba3745aef7f0736
MSK_NODATA_B03.gml,S2A_MSIL1C_20191122T142731_N0208_R053_T20MRD_20191122T160846.SAFE/S2A_MSIL1C_20191122T142731_N0208_R053_T20MRD_20191122T160846.SAFE/GRANULE\L1C_T20MRD_A023073_20191122T142731\QI_DATA\MSK_NODATA_B03.gml,d9f2ce1c3d97438615caa0555fe5f6d4
MSK_NODATA_B04.gml,S2A_MSIL1C_20191122T142731_N0208_R053_T20MRD_20191122T160846.SAFE/S2A_MSIL1C_20191122T142731_N0208_R053_T20MRD_20191122T160846.SAFE/GRANULE\L1C_T20MRD_A023073_20191122T142731\QI_DATA\MSK_NODATA_B04.gml,528dd68e2f9299e0b2051785c5118995
MSK_NODATA_B05.gml,S2A_MSIL1C_20191122T142731_N0208_R053_T20MRD_20191122T160846.SAFE/S2A_MSIL1C_20191122T142731_N0208_R053_T20MRD_20191122T160846.SAFE/GRANULE\L1C_T20MRD_A023073_20191122T142731\QI_DATA\MSK_NODATA_B05.gml,ee4aef89dc8b93e3a2696af5e803659c
MSK_NODATA_B06.gml,S2A_MSIL1C_20191122T142731_N0208_R053_T20MRD_20191122T160846.SAFE/S2A_MSIL1C_20191122T142731_N0208_R053_T20MRD_20191122T160846.SAFE/GRANULE\L1C_T20MRD_A023073_20191122T142731\QI_DATA\MSK_NODATA_B06.gml,0d8cf4aae99741488754f2923d868832
MSK_NODATA_B07.gml,S2A_MSIL1C_20191122T142731_N0208_R053_T20MRD_20191122T160846.SAFE/S2A_MSIL1C_20191122T142731_N0208_R053_T20MRD_20191122T160846.SAFE/GRANULE\L1C_T20MRD_A023073_20191122T142731\QI_DATA\MSK_NODATA_B07.gml,2ccbedf8409779a003996dfaa5af4950
MSK_NODATA_B08.gml,S2A_MSIL1C_20191122T142731_N0208_R053_T20MRD_20191122T160846.SAFE/S2A_MSIL1C_20191122T142731_N0208_R053_T20MRD_20191122T160846.SAFE/GRANULE\L1C_T20MRD_A023073_20191122T142731\QI_DATA\MSK_NODATA_B08.gml,24b99caef2d630f590e5a44c895d4ddf
MSK_NODATA_B09.gml,S2A_MSIL1C_20191122T142731_N0208_R053_T20MRD_20191122T160846.SAFE/S2A_MSIL1C_20191122T142731_N0208_R053_T20MRD_20191122T160846.SAFE/GRANULE\L1C_T20MRD_A023073_20191122T142731\QI_DATA\MSK_NODATA_B09.gml,a56326e63ea0a1172ff3d79d02853ae7
MSK_NODATA_B10.gml,S2A_MSIL1C_20191122T142731_N0208_R053_T20MRD_20191122T160846.SAFE/S2A_MSIL1C_20191122T142731_N0208_R053_T20MRD_20191122T160846.SAFE/GRANULE\L1C_T20MRD_A023073_20191122T142731\QI_DATA\MSK_NODATA_B10.gml,0eb0520d43756ed9eb4a98636baf3bca
MSK_NODATA_B11.gml,S2A_MSIL1C_20191122T142731_N0208_R053_T20MRD_20191122T160846.SAFE/S2A_MSIL1C_20191122T142731_N0208_R053_T20MRD_20191122T160846.SAFE/GRANULE\L1C_T20MRD_A023073_20191122T142731\QI_DATA\MSK_NODATA_B11.gml,25ed41209b1c8caa45d354458aa70fd0
MSK_NODATA_B12.gml,S2A_MSIL1C_20191122T142731_N0208_R053_T20MRD_20191122T160846.SAFE/S2A_MSIL1C_20191122T142731_N0208_R053_T20MRD_20191122T160846.SAFE/GRANULE\L1C_T20MRD_A023073_20191122T142731\QI_DATA\MSK_NODATA_B12.gml,3f03b540754fc68e85459f60fb4d8dd7
MSK_NODATA_B8A.gml,S2A_MSIL1C_20191122T142731_N0208_R053_T20MRD_20191122T160846.SAFE/S2A_MSIL1C_20191122T142731_N0208_R053_T20MRD_20191122T160846.SAFE/GRANULE\L1C_T20MRD_A023073_20191122T142731\QI_DATA\MSK_NODATA_B8A.gml,63257b3179f291982c79b10ee7fe79c0
MSK_SATURA_B01.gml,S2A_MSIL1C_20191122T142731_N0208_R053_T20MRD_20191122T160846.SAFE/S2A_MSIL1C_20191122T142731_N0208_R053_T20MRD_20191122T160846.SAFE/GRANULE\L1C_T20MRD_A023073_20191122T142731\QI_DATA\MSK_SATURA_B01.gml,6b9a977cfa493010947516e7b5135233
MSK_SATURA_B02.gml,S2A_MSIL1C_20191122T142731_N0208_R053_T20MRD_20191122T160846.SAFE/S2A_MSIL1C_20191122T142731_N0208_R053_T20MRD_20191122T160846.SAFE/GRANULE\L1C_T20MRD_A023073_20191122T142731\QI_DATA\MSK_SATURA_B02.gml,3631deed79e722e279bfbca566cefb82
MSK_SATURA_B03.gml,S2A_MSIL1C_20191122T142731_N0208_R053_T20MRD_20191122T160846.SAFE/S2A_MSIL1C_20191122T142731_N0208_R053_T20MRD_20191122T160846.SAFE/GRANULE\L1C_T20MRD_A023073_20191122T142731\QI_DATA\MSK_SATURA_B03.gml,e1607fcade313efd371d87b60e2c1c7d
MSK_SATURA_B04.gml,S2A_MSIL1C_20191122T142731_N0208_R053_T20MRD_20191122T160846.SAFE/S2A_MSIL1C_20191122T142731_N0208_R053_T20MRD_20191122T160846.SAFE/GRANULE\L1C_T20MRD_A023073_20191122T142731\QI_DATA\MSK_SATURA_B04.gml,554f61526ec26087f418c6044066e417
MSK_SATURA_B05.gml,S2A_MSIL1C_20191122T142731_N0208_R053_T20MRD_20191122T160846.SAFE/S2A_MSIL1C_20191122T142731_N0208_R053_T20MRD_20191122T160846.SAFE/GRANULE\L1C_T20MRD_A023073_20191122T142731\QI_DATA\MSK_SATURA_B05.gml,a86d2a4ec6573012db32e365008cf427
MSK_SATURA_B06.gml,S2A_MSIL1C_20191122T142731_N0208_R053_T20MRD_20191122T160846.SAFE/S2A_MSIL1C_20191122T142731_N0208_R053_T20MRD_20191122T160846.SAFE/GRANULE\L1C_T20MRD_A023073_20191122T142731\QI_DATA\MSK_SATURA_B06.gml,81b917f9b30fdf31970e9b0e6ca56117
MSK_SATURA_B07.gml,S2A_MSIL1C_20191122T142731_N0208_R053_T20MRD_20191122T160846.SAFE/S2A_MSIL1C_20191122T142731_N0208_R053_T20MRD_20191122T160846.SAFE/GRANULE\L1C_T20MRD_A023073_20191122T142731\QI_DATA\MSK_SATURA_B07.gml,64ae9ed170a39b2302ba085a5a0813ec
MSK_SATURA_B08.gml,S2A_MSIL1C_20191122T142731_N0208_R053_T20MRD_20191122T160846.SAFE/S2A_MSIL1C_20191122T142731_N0208_R053_T20MRD_20191122T160846.SAFE/GRANULE\L1C_T20MRD_A023073_20191122T142731\QI_DATA\MSK_SATURA_B08.gml,932ff8136be5787857feef17c6051633
MSK_SATURA_B09.gml,S2A_MSIL1C_20191122T142731_N0208_R053_T20MRD_20191122T160846.SAFE/S2A_MSIL1C_20191122T142731_N0208_R053_T20MRD_20191122T160846.SAFE/GRANULE\L1C_T20MRD_A023073_20191122T142731\QI_DATA\MSK_SATURA_B09.gml,c887e031bf0832c9aef53d8c1a3cf456
MSK_SATURA_B10.gml,S2A_MSIL1C_20191122T142731_N0208_R053_T20MRD_20191122T160846.SAFE/S2A_MSIL1C_20191122T142731_N0208_R053_T20MRD_20191122T160846.SAFE/GRANULE\L1C_T20MRD_A023073_20191122T142731\QI_DATA\MSK_SATURA_B10.gml,bc61e22998de86d6af5fb05681d225e8
MSK_SATURA_B11.gml,S2A_MSIL1C_20191122T142731_N0208_R053_T20MRD_20191122T160846.SAFE/S2A_MSIL1C_20191122T142731_N0208_R053_T20MRD_20191122T160846.SAFE/GRANULE\L1C_T20MRD_A023073_20191122T142731\QI_DATA\MSK_SATURA_B11.gml,75b31161a4af08fa2432a1ecb88d3df1
MSK_SATURA_B12.gml,S2A_MSIL1C_20191122T142731_N0208_R053_T20MRD_20191122T160846.SAFE/S2A_MSIL1C_20191122T142731_N0208_R053_T20MRD_20191122T160846.SAFE/GRANULE\L1C_T20MRD_A023073_20191122T142731\QI_DATA\MSK_SATURA_B12.gml,06591ec7784d1984468113f0af8736a5
MSK_SATURA_B8A.gml,S2A_MSIL1C_20191122T142731_N0208_R053_T20MRD_20191122T160846.SAFE/S2A_MSIL1C_20191122T142731_N0208_R053_T20MRD_20191122T160846.SAFE/GRANULE\L1C_T20MRD_A023073_20191122T142731\QI_DATA\MSK_SATURA_B8A.gml,0b9bda9a204a1fb6a54a34c9204710d7
MSK_TECQUA_B01.gml,S2A_MSIL1C_20191122T142731_N0208_R053_T20MRD_20191122T160846.SAFE/S2A_MSIL1C_20191122T142731_N0208_R053_T20MRD_20191122T160846.SAFE/GRANULE\L1C_T20MRD_A023073_20191122T142731\QI_DATA\MSK_TECQUA_B01.gml,b3f13057cca3f723c01e21a793182aaa
MSK_TECQUA_B02.gml,S2A_MSIL1C_20191122T142731_N0208_R053_T20MRD_20191122T160846.SAFE/S2A_MSIL1C_20191122T142731_N0208_R053_T20MRD_20191122T160846.SAFE/GRANULE\L1C_T20MRD_A023073_20191122T142731\QI_DATA\MSK_TECQUA_B02.gml,22a4f818a9c5e63951faf342ece04abf
MSK_TECQUA_B03.gml,S2A_MSIL1C_20191122T142731_N0208_R053_T20MRD_20191122T160846.SAFE/S2A_MSIL1C_20191122T142731_N0208_R053_T20MRD_20191122T160846.SAFE/GRANULE\L1C_T20MRD_A023073_20191122T142731\QI_DATA\MSK_TECQUA_B03.gml,31dd00fc945726290832d3cef38e8d76
MSK_TECQUA_B04.gml,S2A_MSIL1C_20191122T142731_N0208_R053_T20MRD_20191122T160846.SAFE/S2A_MSIL1C_20191122T142731_N0208_R053_T20MRD_20191122T160846.SAFE/GRANULE\L1C_T20MRD_A023073_20191122T142731\QI_DATA\MSK_TECQUA_B04.gml,1a16c7a813f83b3176a20658e45acf0e
MSK_TECQUA_B05.gml,S2A_MSIL1C_20191122T142731_N0208_R053_T20MRD_20191122T160846.SAFE/S2A_MSIL1C_20191122T142731_N0208_R053_T20MRD_20191122T160846.SAFE/GRANULE\L1C_T20MRD_A023073_20191122T142731\QI_DATA\MSK_TECQUA_B05.gml,c962735e320f168e1283f5b7714a8acb
MSK_TECQUA_B06.gml,S2A_MSIL1C_20191122T142731_N0208_R053_T20MRD_20191122T160846.SAFE/S2A_MSIL1C_20191122T142731_N0208_R053_T20MRD_20191122T160846.SAFE/GRANULE\L1C_T20MRD_A023073_20191122T142731\QI_DATA\MSK_TECQUA_B06.gml,0b951e9738ea035f8981c627bcd65572
MSK_TECQUA_B07.gml,S2A_MSIL1C_20191122T142731_N0208_R053_T20MRD_20191122T160846.SAFE/S2A_MSIL1C_20191122T142731_N0208_R053_T20MRD_20191122T160846.SAFE/GRANULE\L1C_T20MRD_A023073_20191122T142731\QI_DATA\MSK_TECQUA_B07.gml,6530c93bc34afaed74f6d11f3e1745c7
MSK_TECQUA_B08.gml,S2A_MSIL1C_20191122T142731_N0208_R053_T20MRD_20191122T160846.SAFE/S2A_MSIL1C_20191122T142731_N0208_R053_T20MRD_20191122T160846.SAFE/GRANULE\L1C_T20MRD_A023073_20191122T142731\QI_DATA\MSK_TECQUA_B08.gml,8c6addbd05547cebb4e3e3cc954a39f5
MSK_TECQUA_B09.gml,S2A_MSIL1C_20191122T142731_N0208_R053_T20MRD_20191122T160846.SAFE/S2A_MSIL1C_20191122T142731_N0208_R053_T20MRD_20191122T160846.SAFE/GRANULE\L1C_T20MRD_A023073_20191122T142731\QI_DATA\MSK_TECQUA_B09.gml,1edc1584aadc318245b31a0fc0e5e8c2
MSK_TECQUA_B10.gml,S2A_MSIL1C_20191122T142731_N0208_R053_T20MRD_20191122T160846.SAFE/S2A_MSIL1C_20191122T142731_N0208_R053_T20MRD_20191122T160846.SAFE/GRANULE\L1C_T20MRD_A023073_20191122T142731\QI_DATA\MSK_TECQUA_B10.gml,8395d4a4abf83ecfbff62c1ae80bc045
MSK_TECQUA_B11.gml,S2A_MSIL1C_20191122T142731_N0208_R053_T20MRD_20191122T160846.SAFE/S2A_MSIL1C_20191122T142731_N0208_R053_T20MRD_20191122T160846.SAFE/GRANULE\L1C_T20MRD_A023073_20191122T142731\QI_DATA\MSK_TECQUA_B11.gml,c5b87b976c256b2a2ae356e6edeffc30
MSK_TECQUA_B12.gml,S2A_MSIL1C_20191122T142731_N0208_R053_T20MRD_20191122T160846.SAFE/S2A_MSIL1C_20191122T142731_N0208_R053_T20MRD_20191122T160846.SAFE/GRANULE\L1C_T20MRD_A023073_20191122T142731\QI_DATA\MSK_TECQUA_B12.gml,98b718ed811981b47bcbbfea1ad410f7
MSK_TECQUA_B8A.gml,S2A_MSIL1C_20191122T142731_N0208_R053_T20MRD_20191122T160846.SAFE/S2A_MSIL1C_20191122T142731_N0208_R053_T20MRD_20191122T160846.SAFE/GRANULE\L1C_T20MRD_A023073_20191122T142731\QI_DATA\MSK_TECQUA_B8A.gml,3e9b1a5254240e2ce3ae0d50de760161
SENSOR_QUALITY.xml,S2A_MSIL1C_20191122T142731_N0208_R053_T20MRD_20191122T160846.SAFE/S2A_MSIL1C_20191122T142731_N0208_R053_T20MRD_20191122T160846.SAFE/GRANULE\L1C_T20MRD_A023073_20191122T142731\QI_DATA\SENSOR_QUALITY.xml,04f5bdc70a1f0bf749484db5b0f4aefc
T20MRD_20191122T142731_PVI.jp2,S2A_MSIL1C_20191122T142731_N0208_R053_T20MRD_20191122T160846.SAFE/S2A_MSIL1C_20191122T142731_N0208_R053_T20MRD_20191122T160846.SAFE/GRANULE\L1C_T20MRD_A023073_20191122T142731\QI_DATA\T20MRD_20191122T142731_PVI.jp2,574ff0521ed1838be974b4eff1f59304
banner_1.png,S2A_MSIL1C_20191122T142731_N0208_R053_T20MRD_20191122T160846.SAFE/S2A_MSIL1C_20191122T142731_N0208_R053_T20MRD_20191122T160846.SAFE/HTML\banner_1.png,aa200a61bddf144bf4fcc3e8fa9f60e8
banner_2.png,S2A_MSIL1C_20191122T142731_N0208_R053_T20MRD_20191122T160846.SAFE/S2A_MSIL1C_20191122T142731_N0208_R053_T20MRD_20191122T160846.SAFE/HTML\banner_2.png,93743e7df0c9eecb94ec21ea1f9ee234
banner_3.png,S2A_MSIL1C_20191122T142731_N0208_R053_T20MRD_20191122T160846.SAFE/S2A_MSIL1C_20191122T142731_N0208_R053_T20MRD_20191122T160846.SAFE/HTML\banner_3.png,2f8bc4f0ae399cf8f5f39b6cef1120cf
star_bg.jpg,S2A_MSIL1C_20191122T142731_N0208_R053_T20MRD_20191122T160846.SAFE/S2A_MSIL1C_20191122T142731_N0208_R053_T20MRD_20191122T160846.SAFE/HTML\star_bg.jpg,7c53d7c9332e050d62fbcc3c0fa6b97f
UserProduct_index.html,S2A_MSIL1C_20191122T142731_N0208_R053_T20MRD_20191122T160846.SAFE/S2A_MSIL1C_20191122T142731_N0208_R053_T20MRD_20191122T160846.SAFE/HTML\UserProduct_index.html,e96cedf46842c3b134ad08ba88bf4c62
UserProduct_index.xsl,S2A_MSIL1C_20191122T142731_N0208_R053_T20MRD_20191122T160846.SAFE/S2A_MSIL1C_20191122T142731_N0208_R053_T20MRD_20191122T160846.SAFE/HTML\UserProduct_index.xsl,334bd5408d814fa0783bb61481056df8
S2_User_Product_Level-1C_Metadata.xsd,S2A_MSIL1C_20191122T142731_N0208_R053_T20MRD_20191122T160846.SAFE/S2A_MSIL1C_20191122T142731_N0208_R053_T20MRD_20191122T160846.SAFE/rep_info\S2_User_Product_Level-1C_Metadata.xsd,6920309d592e8cfd16422cb911bb98d7
INSPIRE.xml,S2A_MSIL1C_20191122T142731_N0208_R053_T20MQA_20191122T160846.SAFE/S2A_MSIL1C_20191122T142731_N0208_R053_T20MQA_20191122T160846.SAFE/INSPIRE.xml,787885829e66963a5f9b430e79b32aae
manifest.safe,S2A_MSIL1C_20191122T142731_N0208_R053_T20MQA_20191122T160846.SAFE/S2A_MSIL1C_20191122T142731_N0208_R053_T20MQA_20191122T160846.SAFE/manifest.safe,a5e680222008e809e97b35400f765302
MTD_MSIL1C.xml,S2A_MSIL1C_20191122T142731_N0208_R053_T20MQA_20191122T160846.SAFE/S2A_MSIL1C_20191122T142731_N0208_R053_T20MQA_20191122T160846.SAFE/MTD_MSIL1C.xml,e1f3411cbf213ee2d4f1e2972c515472
MTD_DS.xml,S2A_MSIL1C_20191122T142731_N0208_R053_T20MQA_20191122T160846.SAFE/S2A_MSIL1C_20191122T142731_N0208_R053_T20MQA_20191122T160846.SAFE/DATASTRIP\DS_SGS__20191122T160846_S20191122T142731\MTD_DS.xml,9d6c9ce0c2aaf876822c9c70ec2b3e83
FORMAT_CORRECTNESS.xml,S2A_MSIL1C_20191122T142731_N0208_R053_T20MQA_20191122T160846.SAFE/S2A_MSIL1C_20191122T142731_N0208_R053_T20MQA_20191122T160846.SAFE/DATASTRIP\DS_SGS__20191122T160846_S20191122T142731\QI_DATA\FORMAT_CORRECTNESS.xml,bef92600d53acf9d7f964376669a843d
GENERAL_QUALITY.xml,S2A_MSIL1C_20191122T142731_N0208_R053_T20MQA_20191122T160846.SAFE/S2A_MSIL1C_20191122T142731_N0208_R053_T20MQA_20191122T160846.SAFE/DATASTRIP\DS_SGS__20191122T160846_S20191122T142731\QI_DATA\GENERAL_QUALITY.xml,8c720dffc1aa39a2bf3088cf42207267
GEOMETRIC_QUALITY.xml,S2A_MSIL1C_20191122T142731_N0208_R053_T20MQA_20191122T160846.SAFE/S2A_MSIL1C_20191122T142731_N0208_R053_T20MQA_20191122T160846.SAFE/DATASTRIP\DS_SGS__20191122T160846_S20191122T142731\QI_DATA\GEOMETRIC_QUALITY.xml,ad0f271cae9bb0b92e257b31acae309b
RADIOMETRIC_QUALITY.xml,S2A_MSIL1C_20191122T142731_N0208_R053_T20MQA_20191122T160846.SAFE/S2A_MSIL1C_20191122T142731_N0208_R053_T20MQA_20191122T160846.SAFE/DATASTRIP\DS_SGS__20191122T160846_S20191122T142731\QI_DATA\RADIOMETRIC_QUALITY.xml,0e97e0fc848d793e01ec9c774a8491c1
SENSOR_QUALITY.xml,S2A_MSIL1C_20191122T142731_N0208_R053_T20MQA_20191122T160846.SAFE/S2A_MSIL1C_20191122T142731_N0208_R053_T20MQA_20191122T160846.SAFE/DATASTRIP\DS_SGS__20191122T160846_S20191122T142731\QI_DATA\SENSOR_QUALITY.xml,4b2cf169f835d76607b0db27df47f8d4
MTD_TL.xml,S2A_MSIL1C_20191122T142731_N0208_R053_T20MQA_20191122T160846.SAFE/S2A_MSIL1C_20191122T142731_N0208_R053_T20MQA_20191122T160846.SAFE/GRANULE\L1C_T20MQA_A023073_20191122T142731\MTD_TL.xml,01d7b020fa6ba6d9b064cdd44110bc4a
AUX_ECMWFT,S2A_MSIL1C_20191122T142731_N0208_R053_T20MQA_20191122T160846.SAFE/S2A_MSIL1C_20191122T142731_N0208_R053_T20MQA_20191122T160846.SAFE/GRANULE\L1C_T20MQA_A023073_20191122T142731\AUX_DATA\AUX_ECMWFT,130405e08827884231997e41c2c398de
T20MQA_20191122T142731_B01.jp2,S2A_MSIL1C_20191122T142731_N0208_R053_T20MQA_20191122T160846.SAFE/S2A_MSIL1C_20191122T142731_N0208_R053_T20MQA_20191122T160846.SAFE/GRANULE\L1C_T20MQA_A023073_20191122T142731\IMG_DATA\T20MQA_20191122T142731_B01.jp2,9ea39b82bffa4ddf2d342794ed19f639
T20MQA_20191122T142731_B02.jp2,S2A_MSIL1C_20191122T142731_N0208_R053_T20MQA_20191122T160846.SAFE/S2A_MSIL1C_20191122T142731_N0208_R053_T20MQA_20191122T160846.SAFE/GRANULE\L1C_T20MQA_A023073_20191122T142731\IMG_DATA\T20MQA_20191122T142731_B02.jp2,f827364996dc40e4da461fdad1cae828
T20MQA_20191122T142731_B03.jp2,S2A_MSIL1C_20191122T142731_N0208_R053_T20MQA_20191122T160846.SAFE/S2A_MSIL1C_20191122T142731_N0208_R053_T20MQA_20191122T160846.SAFE/GRANULE\L1C_T20MQA_A023073_20191122T142731\IMG_DATA\T20MQA_20191122T142731_B03.jp2,36de3d7bf7a34056e105c8cce18ef0fa
T20MQA_20191122T142731_B04.jp2,S2A_MSIL1C_20191122T142731_N0208_R053_T20MQA_20191122T160846.SAFE/S2A_MSIL1C_20191122T142731_N0208_R053_T20MQA_20191122T160846.SAFE/GRANULE\L1C_T20MQA_A023073_20191122T142731\IMG_DATA\T20MQA_20191122T142731_B04.jp2,62bdc451ff054ca08d7fd6415afbcb21
T20MQA_20191122T142731_B05.jp2,S2A_MSIL1C_20191122T142731_N0208_R053_T20MQA_20191122T160846.SAFE/S2A_MSIL1C_20191122T142731_N0208_R053_T20MQA_20191122T160846.SAFE/GRANULE\L1C_T20MQA_A023073_20191122T142731\IMG_DATA\T20MQA_20191122T142731_B05.jp2,2ad803e54cef1c32db02e9eefa207ca0
T20MQA_20191122T142731_B06.jp2,S2A_MSIL1C_20191122T142731_N0208_R053_T20MQA_20191122T160846.SAFE/S2A_MSIL1C_20191122T142731_N0208_R053_T20MQA_20191122T160846.SAFE/GRANULE\L1C_T20MQA_A023073_20191122T142731\IMG_DATA\T20MQA_20191122T142731_B06.jp2,7a703de3687886c6a1976a9a73df5135
T20MQA_20191122T142731_B07.jp2,S2A_MSIL1C_20191122T142731_N0208_R053_T20MQA_20191122T160846.SAFE/S2A_MSIL1C_20191122T142731_N0208_R053_T20MQA_20191122T160846.SAFE/GRANULE\L1C_T20MQA_A023073_20191122T142731\IMG_DATA\T20MQA_20191122T142731_B07.jp2,a73daa27981cfc0ffa1990228de5ca44
T20MQA_20191122T142731_B08.jp2,S2A_MSIL1C_20191122T142731_N0208_R053_T20MQA_20191122T160846.SAFE/S2A_MSIL1C_20191122T142731_N0208_R053_T20MQA_20191122T160846.SAFE/GRANULE\L1C_T20MQA_A023073_20191122T142731\IMG_DATA\T20MQA_20191122T142731_B08.jp2,4d757ebc3e221b6ee3cbb3c499a8ac12
T20MQA_20191122T142731_B09.jp2,S2A_MSIL1C_20191122T142731_N0208_R053_T20MQA_20191122T160846.SAFE/S2A_MSIL1C_20191122T142731_N0208_R053_T20MQA_20191122T160846.SAFE/GRANULE\L1C_T20MQA_A023073_20191122T142731\IMG_DATA\T20MQA_20191122T142731_B09.jp2,8146eb6e35f4172145bfd1a755b5b681
T20MQA_20191122T142731_B10.jp2,S2A_MSIL1C_20191122T142731_N0208_R053_T20MQA_20191122T160846.SAFE/S2A_MSIL1C_20191122T142731_N0208_R053_T20MQA_20191122T160846.SAFE/GRANULE\L1C_T20MQA_A023073_20191122T142731\IMG_DATA\T20MQA_20191122T142731_B10.jp2,5fbe6c36b5880cd66e578c028d728111
T20MQA_20191122T142731_B11.jp2,S2A_MSIL1C_20191122T142731_N0208_R053_T20MQA_20191122T160846.SAFE/S2A_MSIL1C_20191122T142731_N0208_R053_T20MQA_20191122T160846.SAFE/GRANULE\L1C_T20MQA_A023073_20191122T142731\IMG_DATA\T20MQA_20191122T142731_B11.jp2,9e1c44f3237713f8136f69c1a9115e9a
T20MQA_20191122T142731_B12.jp2,S2A_MSIL1C_20191122T142731_N0208_R053_T20MQA_20191122T160846.SAFE/S2A_MSIL1C_20191122T142731_N0208_R053_T20MQA_20191122T160846.SAFE/GRANULE\L1C_T20MQA_A023073_20191122T142731\IMG_DATA\T20MQA_20191122T142731_B12.jp2,9c7b8e3dc6c67f05087176ce89c6e29f
T20MQA_20191122T142731_B8A.jp2,S2A_MSIL1C_20191122T142731_N0208_R053_T20MQA_20191122T160846.SAFE/S2A_MSIL1C_20191122T142731_N0208_R053_T20MQA_20191122T160846.SAFE/GRANULE\L1C_T20MQA_A023073_20191122T142731\IMG_DATA\T20MQA_20191122T142731_B8A.jp2,89ffa1ff2bab3e640baf9f57723eec7e
T20MQA_20191122T142731_TCI.jp2,S2A_MSIL1C_20191122T142731_N0208_R053_T20MQA_20191122T160846.SAFE/S2A_MSIL1C_20191122T142731_N0208_R053_T20MQA_20191122T160846.SAFE/GRANULE\L1C_T20MQA_A023073_20191122T142731\IMG_DATA\T20MQA_20191122T142731_TCI.jp2,0e0f587a694501e273e58652f9a1e305
FORMAT_CORRECTNESS.xml,S2A_MSIL1C_20191122T142731_N0208_R053_T20MQA_20191122T160846.SAFE/S2A_MSIL1C_20191122T142731_N0208_R053_T20MQA_20191122T160846.SAFE/GRANULE\L1C_T20MQA_A023073_20191122T142731\QI_DATA\FORMAT_CORRECTNESS.xml,8066038b9e550526a4e2ec5add9df4ec
GENERAL_QUALITY.xml,S2A_MSIL1C_20191122T142731_N0208_R053_T20MQA_20191122T160846.SAFE/S2A_MSIL1C_20191122T142731_N0208_R053_T20MQA_20191122T160846.SAFE/GRANULE\L1C_T20MQA_A023073_20191122T142731\QI_DATA\GENERAL_QUALITY.xml,56b32f8aa3ed205e15ef10063d5e26b0
GEOMETRIC_QUALITY.xml,S2A_MSIL1C_20191122T142731_N0208_R053_T20MQA_20191122T160846.SAFE/S2A_MSIL1C_20191122T142731_N0208_R053_T20MQA_20191122T160846.SAFE/GRANULE\L1C_T20MQA_A023073_20191122T142731\QI_DATA\GEOMETRIC_QUALITY.xml,30cbda659c3145e84febd7ae5d73d12a
MSK_CLOUDS_B00.gml,S2A_MSIL1C_20191122T142731_N0208_R053_T20MQA_20191122T160846.SAFE/S2A_MSIL1C_20191122T142731_N0208_R053_T20MQA_20191122T160846.SAFE/GRANULE\L1C_T20MQA_A023073_20191122T142731\QI_DATA\MSK_CLOUDS_B00.gml,b960c5f41edd887acf32e0efd4d1a44c
MSK_DEFECT_B01.gml,S2A_MSIL1C_20191122T142731_N0208_R053_T20MQA_20191122T160846.SAFE/S2A_MSIL1C_20191122T142731_N0208_R053_T20MQA_20191122T160846.SAFE/GRANULE\L1C_T20MQA_A023073_20191122T142731\QI_DATA\MSK_DEFECT_B01.gml,65807b623c2460bd2928e98626c17c64
MSK_DEFECT_B02.gml,S2A_MSIL1C_20191122T142731_N0208_R053_T20MQA_20191122T160846.SAFE/S2A_MSIL1C_20191122T142731_N0208_R053_T20MQA_20191122T160846.SAFE/GRANULE\L1C_T20MQA_A023073_20191122T142731\QI_DATA\MSK_DEFECT_B02.gml,9b762d2b250d255766c24b9c51c9efb6
MSK_DEFECT_B03.gml,S2A_MSIL1C_20191122T142731_N0208_R053_T20MQA_20191122T160846.SAFE/S2A_MSIL1C_20191122T142731_N0208_R053_T20MQA_20191122T160846.SAFE/GRANULE\L1C_T20MQA_A023073_20191122T142731\QI_DATA\MSK_DEFECT_B03.gml,e7817e0b1a5f0d4477f5e3c338efe6c0
MSK_DEFECT_B04.gml,S2A_MSIL1C_20191122T142731_N0208_R053_T20MQA_20191122T160846.SAFE/S2A_MSIL1C_20191122T142731_N0208_R053_T20MQA_20191122T160846.SAFE/GRANULE\L1C_T20MQA_A023073_20191122T142731\QI_DATA\MSK_DEFECT_B04.gml,89af5b36c8877ffb6e7f74cae33fd1af
MSK_DEFECT_B05.gml,S2A_MSIL1C_20191122T142731_N0208_R053_T20MQA_20191122T160846.SAFE/S2A_MSIL1C_20191122T142731_N0208_R053_T20MQA_20191122T160846.SAFE/GRANULE\L1C_T20MQA_A023073_20191122T142731\QI_DATA\MSK_DEFECT_B05.gml,98190f4ca5bd5300cb84412eb6113bca
MSK_DEFECT_B06.gml,S2A_MSIL1C_20191122T142731_N0208_R053_T20MQA_20191122T160846.SAFE/S2A_MSIL1C_20191122T142731_N0208_R053_T20MQA_20191122T160846.SAFE/GRANULE\L1C_T20MQA_A023073_20191122T142731\QI_DATA\MSK_DEFECT_B06.gml,cc4d15b6f84ab7c453aaa79fd8e7d740
MSK_DEFECT_B07.gml,S2A_MSIL1C_20191122T142731_N0208_R053_T20MQA_20191122T160846.SAFE/S2A_MSIL1C_20191122T142731_N0208_R053_T20MQA_20191122T160846.SAFE/GRANULE\L1C_T20MQA_A023073_20191122T142731\QI_DATA\MSK_DEFECT_B07.gml,882019d5b7402bc96b6b567cfa8e92ef
MSK_DEFECT_B08.gml,S2A_MSIL1C_20191122T142731_N0208_R053_T20MQA_20191122T160846.SAFE/S2A_MSIL1C_20191122T142731_N0208_R053_T20MQA_20191122T160846.SAFE/GRANULE\L1C_T20MQA_A023073_20191122T142731\QI_DATA\MSK_DEFECT_B08.gml,686839c4c710cc48defabc7c4d01dc60
MSK_DEFECT_B09.gml,S2A_MSIL1C_20191122T142731_N0208_R053_T20MQA_20191122T160846.SAFE/S2A_MSIL1C_20191122T142731_N0208_R053_T20MQA_20191122T160846.SAFE/GRANULE\L1C_T20MQA_A023073_20191122T142731\QI_DATA\MSK_DEFECT_B09.gml,c4b39bd9eb1428eb33b330b89c94ba17
MSK_DEFECT_B10.gml,S2A_MSIL1C_20191122T142731_N0208_R053_T20MQA_20191122T160846.SAFE/S2A_MSIL1C_20191122T142731_N0208_R053_T20MQA_20191122T160846.SAFE/GRANULE\L1C_T20MQA_A023073_20191122T142731\QI_DATA\MSK_DEFECT_B10.gml,fae5874c3181af1288a1bb61d5f551c0
MSK_DEFECT_B11.gml,S2A_MSIL1C_20191122T142731_N0208_R053_T20MQA_20191122T160846.SAFE/S2A_MSIL1C_20191122T142731_N0208_R053_T20MQA_20191122T160846.SAFE/GRANULE\L1C_T20MQA_A023073_20191122T142731\QI_DATA\MSK_DEFECT_B11.gml,d23f03532d5b3d39c8a082cdfbfb3787
MSK_DEFECT_B12.gml,S2A_MSIL1C_20191122T142731_N0208_R053_T20MQA_20191122T160846.SAFE/S2A_MSIL1C_20191122T142731_N0208_R053_T20MQA_20191122T160846.SAFE/GRANULE\L1C_T20MQA_A023073_20191122T142731\QI_DATA\MSK_DEFECT_B12.gml,590b6050d5f2284356828aea3c4bf9f4
MSK_DEFECT_B8A.gml,S2A_MSIL1C_20191122T142731_N0208_R053_T20MQA_20191122T160846.SAFE/S2A_MSIL1C_20191122T142731_N0208_R053_T20MQA_20191122T160846.SAFE/GRANULE\L1C_T20MQA_A023073_20191122T142731\QI_DATA\MSK_DEFECT_B8A.gml,142ac8ec121eab292daac6d5dfaf41dc
MSK_DETFOO_B01.gml,S2A_MSIL1C_20191122T142731_N0208_R053_T20MQA_20191122T160846.SAFE/S2A_MSIL1C_20191122T142731_N0208_R053_T20MQA_20191122T160846.SAFE/GRANULE\L1C_T20MQA_A023073_20191122T142731\QI_DATA\MSK_DETFOO_B01.gml,467ed70c9d1b1b4b541924b5911a4157
MSK_DETFOO_B02.gml,S2A_MSIL1C_20191122T142731_N0208_R053_T20MQA_20191122T160846.SAFE/S2A_MSIL1C_20191122T142731_N0208_R053_T20MQA_20191122T160846.SAFE/GRANULE\L1C_T20MQA_A023073_20191122T142731\QI_DATA\MSK_DETFOO_B02.gml,bbb149d893324ee077ca7654271f6575
MSK_DETFOO_B03.gml,S2A_MSIL1C_20191122T142731_N0208_R053_T20MQA_20191122T160846.SAFE/S2A_MSIL1C_20191122T142731_N0208_R053_T20MQA_20191122T160846.SAFE/GRANULE\L1C_T20MQA_A023073_20191122T142731\QI_DATA\MSK_DETFOO_B03.gml,08fa36cd76207e0d8c5fb31a4ef7d0c6
MSK_DETFOO_B04.gml,S2A_MSIL1C_20191122T142731_N0208_R053_T20MQA_20191122T160846.SAFE/S2A_MSIL1C_20191122T142731_N0208_R053_T20MQA_20191122T160846.SAFE/GRANULE\L1C_T20MQA_A023073_20191122T142731\QI_DATA\MSK_DETFOO_B04.gml,e3079b0e816b814069d5f24c5ca73f1d
MSK_DETFOO_B05.gml,S2A_MSIL1C_20191122T142731_N0208_R053_T20MQA_20191122T160846.SAFE/S2A_MSIL1C_20191122T142731_N0208_R053_T20MQA_20191122T160846.SAFE/GRANULE\L1C_T20MQA_A023073_20191122T142731\QI_DATA\MSK_DETFOO_B05.gml,6853e786368af28446f06d4681fe4efc
MSK_DETFOO_B06.gml,S2A_MSIL1C_20191122T142731_N0208_R053_T20MQA_20191122T160846.SAFE/S2A_MSIL1C_20191122T142731_N0208_R053_T20MQA_20191122T160846.SAFE/GRANULE\L1C_T20MQA_A023073_20191122T142731\QI_DATA\MSK_DETFOO_B06.gml,473def5befe36f6b8f8862ddd8973d9c
MSK_DETFOO_B07.gml,S2A_MSIL1C_20191122T142731_N0208_R053_T20MQA_20191122T160846.SAFE/S2A_MSIL1C_20191122T142731_N0208_R053_T20MQA_20191122T160846.SAFE/GRANULE\L1C_T20MQA_A023073_20191122T142731\QI_DATA\MSK_DETFOO_B07.gml,3734d1c337e48ea125ccb7bad063ea05
MSK_DETFOO_B08.gml,S2A_MSIL1C_20191122T142731_N0208_R053_T20MQA_20191122T160846.SAFE/S2A_MSIL1C_20191122T142731_N0208_R053_T20MQA_20191122T160846.SAFE/GRANULE\L1C_T20MQA_A023073_20191122T142731\QI_DATA\MSK_DETFOO_B08.gml,b890d725b1cec9c7cb4c5477cb75ce5f
MSK_DETFOO_B09.gml,S2A_MSIL1C_20191122T142731_N0208_R053_T20MQA_20191122T160846.SAFE/S2A_MSIL1C_20191122T142731_N0208_R053_T20MQA_20191122T160846.SAFE/GRANULE\L1C_T20MQA_A023073_20191122T142731\QI_DATA\MSK_DETFOO_B09.gml,1558d16f9515b2f6f6f4c3d1bafd0e0d
MSK_DETFOO_B10.gml,S2A_MSIL1C_20191122T142731_N0208_R053_T20MQA_20191122T160846.SAFE/S2A_MSIL1C_20191122T142731_N0208_R053_T20MQA_20191122T160846.SAFE/GRANULE\L1C_T20MQA_A023073_20191122T142731\QI_DATA\MSK_DETFOO_B10.gml,3318822f93374626cd021553826c759c
MSK_DETFOO_B11.gml,S2A_MSIL1C_20191122T142731_N0208_R053_T20MQA_20191122T160846.SAFE/S2A_MSIL1C_20191122T142731_N0208_R053_T20MQA_20191122T160846.SAFE/GRANULE\L1C_T20MQA_A023073_20191122T142731\QI_DATA\MSK_DETFOO_B11.gml,4a869daa2978dd678ca5e98bec2bf91d
MSK_DETFOO_B12.gml,S2A_MSIL1C_20191122T142731_N0208_R053_T20MQA_20191122T160846.SAFE/S2A_MSIL1C_20191122T142731_N0208_R053_T20MQA_20191122T160846.SAFE/GRANULE\L1C_T20MQA_A023073_20191122T142731\QI_DATA\MSK_DETFOO_B12.gml,8c45ddd0f58653b1d49c22b33e5b7f6b
MSK_DETFOO_B8A.gml,S2A_MSIL1C_20191122T142731_N0208_R053_T20MQA_20191122T160846.SAFE/S2A_MSIL1C_20191122T142731_N0208_R053_T20MQA_20191122T160846.SAFE/GRANULE\L1C_T20MQA_A023073_20191122T142731\QI_DATA\MSK_DETFOO_B8A.gml,c7388d99e963074c2445c2c091092338
MSK_NODATA_B01.gml,S2A_MSIL1C_20191122T142731_N0208_R053_T20MQA_20191122T160846.SAFE/S2A_MSIL1C_20191122T142731_N0208_R053_T20MQA_20191122T160846.SAFE/GRANULE\L1C_T20MQA_A023073_20191122T142731\QI_DATA\MSK_NODATA_B01.gml,5dbd0b12f085cf1cba88dd8a34993353
MSK_NODATA_B02.gml,S2A_MSIL1C_20191122T142731_N0208_R053_T20MQA_20191122T160846.SAFE/S2A_MSIL1C_20191122T142731_N0208_R053_T20MQA_20191122T160846.SAFE/GRANULE\L1C_T20MQA_A023073_20191122T142731\QI_DATA\MSK_NODATA_B02.gml,b2c930f02880fe387d65f43ac65bcfbf
MSK_NODATA_B03.gml,S2A_MSIL1C_20191122T142731_N0208_R053_T20MQA_20191122T160846.SAFE/S2A_MSIL1C_20191122T142731_N0208_R053_T20MQA_20191122T160846.SAFE/GRANULE\L1C_T20MQA_A023073_20191122T142731\QI_DATA\MSK_NODATA_B03.gml,88c06840dca5cae1ee8baac4e4246727
MSK_NODATA_B04.gml,S2A_MSIL1C_20191122T142731_N0208_R053_T20MQA_20191122T160846.SAFE/S2A_MSIL1C_20191122T142731_N0208_R053_T20MQA_20191122T160846.SAFE/GRANULE\L1C_T20MQA_A023073_20191122T142731\QI_DATA\MSK_NODATA_B04.gml,2b1ebb80ea5219801a690fe69e60bdce
MSK_NODATA_B05.gml,S2A_MSIL1C_20191122T142731_N0208_R053_T20MQA_20191122T160846.SAFE/S2A_MSIL1C_20191122T142731_N0208_R053_T20MQA_20191122T160846.SAFE/GRANULE\L1C_T20MQA_A023073_20191122T142731\QI_DATA\MSK_NODATA_B05.gml,7e802db7d8acc5dd24161888b68ef4e6
MSK_NODATA_B06.gml,S2A_MSIL1C_20191122T142731_N0208_R053_T20MQA_20191122T160846.SAFE/S2A_MSIL1C_20191122T142731_N0208_R053_T20MQA_20191122T160846.SAFE/GRANULE\L1C_T20MQA_A023073_20191122T142731\QI_DATA\MSK_NODATA_B06.gml,e6843bdb17811efdfdfd8d5257248ba1
MSK_NODATA_B07.gml,S2A_MSIL1C_20191122T142731_N0208_R053_T20MQA_20191122T160846.SAFE/S2A_MSIL1C_20191122T142731_N0208_R053_T20MQA_20191122T160846.SAFE/GRANULE\L1C_T20MQA_A023073_20191122T142731\QI_DATA\MSK_NODATA_B07.gml,6894cbcf5ecbbfc62a15bd97e3315caf
MSK_NODATA_B08.gml,S2A_MSIL1C_20191122T142731_N0208_R053_T20MQA_20191122T160846.SAFE/S2A_MSIL1C_20191122T142731_N0208_R053_T20MQA_20191122T160846.SAFE/GRANULE\L1C_T20MQA_A023073_20191122T142731\QI_DATA\MSK_NODATA_B08.gml,8502c0cd1e1ce30a858c65ec2186a0a2
MSK_NODATA_B09.gml,S2A_MSIL1C_20191122T142731_N0208_R053_T20MQA_20191122T160846.SAFE/S2A_MSIL1C_20191122T142731_N0208_R053_T20MQA_20191122T160846.SAFE/GRANULE\L1C_T20MQA_A023073_20191122T142731\QI_DATA\MSK_NODATA_B09.gml,2b20f3a56cc8335aeb89da9f158ec808
MSK_NODATA_B10.gml,S2A_MSIL1C_20191122T142731_N0208_R053_T20MQA_20191122T160846.SAFE/S2A_MSIL1C_20191122T142731_N0208_R053_T20MQA_20191122T160846.SAFE/GRANULE\L1C_T20MQA_A023073_20191122T142731\QI_DATA\MSK_NODATA_B10.gml,5a07690bb42ea356c29eee56981df8d0
MSK_NODATA_B11.gml,S2A_MSIL1C_20191122T142731_N0208_R053_T20MQA_20191122T160846.SAFE/S2A_MSIL1C_20191122T142731_N0208_R053_T20MQA_20191122T160846.SAFE/GRANULE\L1C_T20MQA_A023073_20191122T142731\QI_DATA\MSK_NODATA_B11.gml,53d5b042430a657861ce249b20430f4f
MSK_NODATA_B12.gml,S2A_MSIL1C_20191122T142731_N0208_R053_T20MQA_20191122T160846.SAFE/S2A_MSIL1C_20191122T142731_N0208_R053_T20MQA_20191122T160846.SAFE/GRANULE\L1C_T20MQA_A023073_20191122T142731\QI_DATA\MSK_NODATA_B12.gml,cc8aef2c385ee6126c21b1e3d14f1504
MSK_NODATA_B8A.gml,S2A_MSIL1C_20191122T142731_N0208_R053_T20MQA_20191122T160846.SAFE/S2A_MSIL1C_20191122T142731_N0208_R053_T20MQA_20191122T160846.SAFE/GRANULE\L1C_T20MQA_A023073_20191122T142731\QI_DATA\MSK_NODATA_B8A.gml,2e1578310cd0c7943cf8eabc7b6cb56f
MSK_SATURA_B01.gml,S2A_MSIL1C_20191122T142731_N0208_R053_T20MQA_20191122T160846.SAFE/S2A_MSIL1C_20191122T142731_N0208_R053_T20MQA_20191122T160846.SAFE/GRANULE\L1C_T20MQA_A023073_20191122T142731\QI_DATA\MSK_SATURA_B01.gml,e9e30ca7e0ca31b022388e7620b4842f
MSK_SATURA_B02.gml,S2A_MSIL1C_20191122T142731_N0208_R053_T20MQA_20191122T160846.SAFE/S2A_MSIL1C_20191122T142731_N0208_R053_T20MQA_20191122T160846.SAFE/GRANULE\L1C_T20MQA_A023073_20191122T142731\QI_DATA\MSK_SATURA_B02.gml,17f6cf4f6c66378f8785699468d85aa2
MSK_SATURA_B03.gml,S2A_MSIL1C_20191122T142731_N0208_R053_T20MQA_20191122T160846.SAFE/S2A_MSIL1C_20191122T142731_N0208_R053_T20MQA_20191122T160846.SAFE/GRANULE\L1C_T20MQA_A023073_20191122T142731\QI_DATA\MSK_SATURA_B03.gml,5190c68b6b378c73a6d46398653ae315
MSK_SATURA_B04.gml,S2A_MSIL1C_20191122T142731_N0208_R053_T20MQA_20191122T160846.SAFE/S2A_MSIL1C_20191122T142731_N0208_R053_T20MQA_20191122T160846.SAFE/GRANULE\L1C_T20MQA_A023073_20191122T142731\QI_DATA\MSK_SATURA_B04.gml,554a1b94c07d67317094cee41df13933
MSK_SATURA_B05.gml,S2A_MSIL1C_20191122T142731_N0208_R053_T20MQA_20191122T160846.SAFE/S2A_MSIL1C_20191122T142731_N0208_R053_T20MQA_20191122T160846.SAFE/GRANULE\L1C_T20MQA_A023073_20191122T142731\QI_DATA\MSK_SATURA_B05.gml,d672df30d2adfe8b7465c7ed5bee3b02
MSK_SATURA_B06.gml,S2A_MSIL1C_20191122T142731_N0208_R053_T20MQA_20191122T160846.SAFE/S2A_MSIL1C_20191122T142731_N0208_R053_T20MQA_20191122T160846.SAFE/GRANULE\L1C_T20MQA_A023073_20191122T142731\QI_DATA\MSK_SATURA_B06.gml,90bde00e378f26da2b8be1cd2a626c6c
MSK_SATURA_B07.gml,S2A_MSIL1C_20191122T142731_N0208_R053_T20MQA_20191122T160846.SAFE/S2A_MSIL1C_20191122T142731_N0208_R053_T20MQA_20191122T160846.SAFE/GRANULE\L1C_T20MQA_A023073_20191122T142731\QI_DATA\MSK_SATURA_B07.gml,6f1a32ae5f9c4cd68f29d23f45b8d130
MSK_SATURA_B08.gml,S2A_MSIL1C_20191122T142731_N0208_R053_T20MQA_20191122T160846.SAFE/S2A_MSIL1C_20191122T142731_N0208_R053_T20MQA_20191122T160846.SAFE/GRANULE\L1C_T20MQA_A023073_20191122T142731\QI_DATA\MSK_SATURA_B08.gml,841bf7086e6b7920d1b22240d0b814b4
MSK_SATURA_B09.gml,S2A_MSIL1C_20191122T142731_N0208_R053_T20MQA_20191122T160846.SAFE/S2A_MSIL1C_20191122T142731_N0208_R053_T20MQA_20191122T160846.SAFE/GRANULE\L1C_T20MQA_A023073_20191122T142731\QI_DATA\MSK_SATURA_B09.gml,25b92d729559e028beddd7ece67c6dc6
MSK_SATURA_B10.gml,S2A_MSIL1C_20191122T142731_N0208_R053_T20MQA_20191122T160846.SAFE/S2A_MSIL1C_20191122T142731_N0208_R053_T20MQA_20191122T160846.SAFE/GRANULE\L1C_T20MQA_A023073_20191122T142731\QI_DATA\MSK_SATURA_B10.gml,4649f7ba05823d8d5ffce9e7051375fa
MSK_SATURA_B11.gml,S2A_MSIL1C_20191122T142731_N0208_R053_T20MQA_20191122T160846.SAFE/S2A_MSIL1C_20191122T142731_N0208_R053_T20MQA_20191122T160846.SAFE/GRANULE\L1C_T20MQA_A023073_20191122T142731\QI_DATA\MSK_SATURA_B11.gml,9b404d746f65ce179e5cbee2b641a01a
MSK_SATURA_B12.gml,S2A_MSIL1C_20191122T142731_N0208_R053_T20MQA_20191122T160846.SAFE/S2A_MSIL1C_20191122T142731_N0208_R053_T20MQA_20191122T160846.SAFE/GRANULE\L1C_T20MQA_A023073_20191122T142731\QI_DATA\MSK_SATURA_B12.gml,575a0d94fc13f8dc620eca60e4e70fd9
MSK_SATURA_B8A.gml,S2A_MSIL1C_20191122T142731_N0208_R053_T20MQA_20191122T160846.SAFE/S2A_MSIL1C_20191122T142731_N0208_R053_T20MQA_20191122T160846.SAFE/GRANULE\L1C_T20MQA_A023073_20191122T142731\QI_DATA\MSK_SATURA_B8A.gml,a5a1290e94391e1aa19fbaf2c2f4b7ff
MSK_TECQUA_B01.gml,S2A_MSIL1C_20191122T142731_N0208_R053_T20MQA_20191122T160846.SAFE/S2A_MSIL1C_20191122T142731_N0208_R053_T20MQA_20191122T160846.SAFE/GRANULE\L1C_T20MQA_A023073_20191122T142731\QI_DATA\MSK_TECQUA_B01.gml,4c0e4673ccd29eb5270d3d6ba490fd5b
MSK_TECQUA_B02.gml,S2A_MSIL1C_20191122T142731_N0208_R053_T20MQA_20191122T160846.SAFE/S2A_MSIL1C_20191122T142731_N0208_R053_T20MQA_20191122T160846.SAFE/GRANULE\L1C_T20MQA_A023073_20191122T142731\QI_DATA\MSK_TECQUA_B02.gml,3daf8d6a8c1a4f098a3a5b189d60c325
MSK_TECQUA_B03.gml,S2A_MSIL1C_20191122T142731_N0208_R053_T20MQA_20191122T160846.SAFE/S2A_MSIL1C_20191122T142731_N0208_R053_T20MQA_20191122T160846.SAFE/GRANULE\L1C_T20MQA_A023073_20191122T142731\QI_DATA\MSK_TECQUA_B03.gml,4f6b7f34bb4dee0bde0f23bcef07c7de
MSK_TECQUA_B04.gml,S2A_MSIL1C_20191122T142731_N0208_R053_T20MQA_20191122T160846.SAFE/S2A_MSIL1C_20191122T142731_N0208_R053_T20MQA_20191122T160846.SAFE/GRANULE\L1C_T20MQA_A023073_20191122T142731\QI_DATA\MSK_TECQUA_B04.gml,b17eef0a53d4efb88caf7e3ef6223c9a
MSK_TECQUA_B05.gml,S2A_MSIL1C_20191122T142731_N0208_R053_T20MQA_20191122T160846.SAFE/S2A_MSIL1C_20191122T142731_N0208_R053_T20MQA_20191122T160846.SAFE/GRANULE\L1C_T20MQA_A023073_20191122T142731\QI_DATA\MSK_TECQUA_B05.gml,3ab4460d9472532445a38db465114a94
MSK_TECQUA_B06.gml,S2A_MSIL1C_20191122T142731_N0208_R053_T20MQA_20191122T160846.SAFE/S2A_MSIL1C_20191122T142731_N0208_R053_T20MQA_20191122T160846.SAFE/GRANULE\L1C_T20MQA_A023073_20191122T142731\QI_DATA\MSK_TECQUA_B06.gml,198c9542d4f43aedf635b419d13fb647
MSK_TECQUA_B07.gml,S2A_MSIL1C_20191122T142731_N0208_R053_T20MQA_20191122T160846.SAFE/S2A_MSIL1C_20191122T142731_N0208_R053_T20MQA_20191122T160846.SAFE/GRANULE\L1C_T20MQA_A023073_20191122T142731\QI_DATA\MSK_TECQUA_B07.gml,451a6dd7d0aef02b1a0b2393170d8be6
MSK_TECQUA_B08.gml,S2A_MSIL1C_20191122T142731_N0208_R053_T20MQA_20191122T160846.SAFE/S2A_MSIL1C_20191122T142731_N0208_R053_T20MQA_20191122T160846.SAFE/GRANULE\L1C_T20MQA_A023073_20191122T142731\QI_DATA\MSK_TECQUA_B08.gml,f1db8a37742487c82110fcad85805a03
MSK_TECQUA_B09.gml,S2A_MSIL1C_20191122T142731_N0208_R053_T20MQA_20191122T160846.SAFE/S2A_MSIL1C_20191122T142731_N0208_R053_T20MQA_20191122T160846.SAFE/GRANULE\L1C_T20MQA_A023073_20191122T142731\QI_DATA\MSK_TECQUA_B09.gml,9880a699b4a20be16dd8541d42080065
MSK_TECQUA_B10.gml,S2A_MSIL1C_20191122T142731_N0208_R053_T20MQA_20191122T160846.SAFE/S2A_MSIL1C_20191122T142731_N0208_R053_T20MQA_20191122T160846.SAFE/GRANULE\L1C_T20MQA_A023073_20191122T142731\QI_DATA\MSK_TECQUA_B10.gml,a13d82335d0be8222fdc4ca4884a9624
MSK_TECQUA_B11.gml,S2A_MSIL1C_20191122T142731_N0208_R053_T20MQA_20191122T160846.SAFE/S2A_MSIL1C_20191122T142731_N0208_R053_T20MQA_20191122T160846.SAFE/GRANULE\L1C_T20MQA_A023073_20191122T142731\QI_DATA\MSK_TECQUA_B11.gml,fdcf848f554ef5b52768ed602e458388
MSK_TECQUA_B12.gml,S2A_MSIL1C_20191122T142731_N0208_R053_T20MQA_20191122T160846.SAFE/S2A_MSIL1C_20191122T142731_N0208_R053_T20MQA_20191122T160846.SAFE/GRANULE\L1C_T20MQA_A023073_20191122T142731\QI_DATA\MSK_TECQUA_B12.gml,89a3aeed25cf03ccdbb2968e5153fc92
MSK_TECQUA_B8A.gml,S2A_MSIL1C_20191122T142731_N0208_R053_T20MQA_20191122T160846.SAFE/S2A_MSIL1C_20191122T142731_N0208_R053_T20MQA_20191122T160846.SAFE/GRANULE\L1C_T20MQA_A023073_20191122T142731\QI_DATA\MSK_TECQUA_B8A.gml,c10d634af9ccdbbd1b165987da28e7a2
SENSOR_QUALITY.xml,S2A_MSIL1C_20191122T142731_N0208_R053_T20MQA_20191122T160846.SAFE/S2A_MSIL1C_20191122T142731_N0208_R053_T20MQA_20191122T160846.SAFE/GRANULE\L1C_T20MQA_A023073_20191122T142731\QI_DATA\SENSOR_QUALITY.xml,304763599f68675bcc560312315371ae
T20MQA_20191122T142731_PVI.jp2,S2A_MSIL1C_20191122T142731_N0208_R053_T20MQA_20191122T160846.SAFE/S2A_MSIL1C_20191122T142731_N0208_R053_T20MQA_20191122T160846.SAFE/GRANULE\L1C_T20MQA_A023073_20191122T142731\QI_DATA\T20MQA_20191122T142731_PVI.jp2,9caa24c41aef2cfe0ca260fb8cd22e5c
banner_1.png,S2A_MSIL1C_20191122T142731_N0208_R053_T20MQA_20191122T160846.SAFE/S2A_MSIL1C_20191122T142731_N0208_R053_T20MQA_20191122T160846.SAFE/HTML\banner_1.png,aa200a61bddf144bf4fcc3e8fa9f60e8
banner_2.png,S2A_MSIL1C_20191122T142731_N0208_R053_T20MQA_20191122T160846.SAFE/S2A_MSIL1C_20191122T142731_N0208_R053_T20MQA_20191122T160846.SAFE/HTML\banner_2.png,93743e7df0c9eecb94ec21ea1f9ee234
banner_3.png,S2A_MSIL1C_20191122T142731_N0208_R053_T20MQA_20191122T160846.SAFE/S2A_MSIL1C_20191122T142731_N0208_R053_T20MQA_20191122T160846.SAFE/HTML\banner_3.png,2f8bc4f0ae399cf8f5f39b6cef1120cf
star_bg.jpg,S2A_MSIL1C_20191122T142731_N0208_R053_T20MQA_20191122T160846.SAFE/S2A_MSIL1C_20191122T142731_N0208_R053_T20MQA_20191122T160846.SAFE/HTML\star_bg.jpg,7c53d7c9332e050d62fbcc3c0fa6b97f
UserProduct_index.html,S2A_MSIL1C_20191122T142731_N0208_R053_T20MQA_20191122T160846.SAFE/S2A_MSIL1C_20191122T142731_N0208_R053_T20MQA_20191122T160846.SAFE/HTML\UserProduct_index.html,77c4f059d1c255dc43555a9d03226ac5
UserProduct_index.xsl,S2A_MSIL1C_20191122T142731_N0208_R053_T20MQA_20191122T160846.SAFE/S2A_MSIL1C_20191122T142731_N0208_R053_T20MQA_20191122T160846.SAFE/HTML\UserProduct_index.xsl,334bd5408d814fa0783bb61481056df8
S2_User_Product_Level-1C_Metadata.xsd,S2A_MSIL1C_20191122T142731_N0208_R053_T20MQA_20191122T160846.SAFE/S2A_MSIL1C_20191122T142731_N0208_R053_T20MQA_20191122T160846.SAFE/rep_info\S2_User_Product_Level-1C_Metadata.xsd,6920309d592e8cfd16422cb911bb98d7
INSPIRE.xml,S2A_MSIL1C_20191122T142731_N0208_R053_T20NPJ_20191122T160846.SAFE/S2A_MSIL1C_20191122T142731_N0208_R053_T20NPJ_20191122T160846.SAFE/INSPIRE.xml,49d8a30b84dcdb83303184174d8cc7e6
manifest.safe,S2A_MSIL1C_20191122T142731_N0208_R053_T20NPJ_20191122T160846.SAFE/S2A_MSIL1C_20191122T142731_N0208_R053_T20NPJ_20191122T160846.SAFE/manifest.safe,55c14f22ce266e1b16ff02ce6a07c18a
MTD_MSIL1C.xml,S2A_MSIL1C_20191122T142731_N0208_R053_T20NPJ_20191122T160846.SAFE/S2A_MSIL1C_20191122T142731_N0208_R053_T20NPJ_20191122T160846.SAFE/MTD_MSIL1C.xml,73c8958ded4eed8d0b32372ab407812a
MTD_DS.xml,S2A_MSIL1C_20191122T142731_N0208_R053_T20NPJ_20191122T160846.SAFE/S2A_MSIL1C_20191122T142731_N0208_R053_T20NPJ_20191122T160846.SAFE/DATASTRIP\DS_SGS__20191122T160846_S20191122T142731\MTD_DS.xml,9d6c9ce0c2aaf876822c9c70ec2b3e83
FORMAT_CORRECTNESS.xml,S2A_MSIL1C_20191122T142731_N0208_R053_T20NPJ_20191122T160846.SAFE/S2A_MSIL1C_20191122T142731_N0208_R053_T20NPJ_20191122T160846.SAFE/DATASTRIP\DS_SGS__20191122T160846_S20191122T142731\QI_DATA\FORMAT_CORRECTNESS.xml,bef92600d53acf9d7f964376669a843d
GENERAL_QUALITY.xml,S2A_MSIL1C_20191122T142731_N0208_R053_T20NPJ_20191122T160846.SAFE/S2A_MSIL1C_20191122T142731_N0208_R053_T20NPJ_20191122T160846.SAFE/DATASTRIP\DS_SGS__20191122T160846_S20191122T142731\QI_DATA\GENERAL_QUALITY.xml,8c720dffc1aa39a2bf3088cf42207267
GEOMETRIC_QUALITY.xml,S2A_MSIL1C_20191122T142731_N0208_R053_T20NPJ_20191122T160846.SAFE/S2A_MSIL1C_20191122T142731_N0208_R053_T20NPJ_20191122T160846.SAFE/DATASTRIP\DS_SGS__20191122T160846_S20191122T142731\QI_DATA\GEOMETRIC_QUALITY.xml,ad0f271cae9bb0b92e257b31acae309b
RADIOMETRIC_QUALITY.xml,S2A_MSIL1C_20191122T142731_N0208_R053_T20NPJ_20191122T160846.SAFE/S2A_MSIL1C_20191122T142731_N0208_R053_T20NPJ_20191122T160846.SAFE/DATASTRIP\DS_SGS__20191122T160846_S20191122T142731\QI_DATA\RADIOMETRIC_QUALITY.xml,0e97e0fc848d793e01ec9c774a8491c1
SENSOR_QUALITY.xml,S2A_MSIL1C_20191122T142731_N0208_R053_T20NPJ_20191122T160846.SAFE/S2A_MSIL1C_20191122T142731_N0208_R053_T20NPJ_20191122T160846.SAFE/DATASTRIP\DS_SGS__20191122T160846_S20191122T142731\QI_DATA\SENSOR_QUALITY.xml,4b2cf169f835d76607b0db27df47f8d4
MTD_TL.xml,S2A_MSIL1C_20191122T142731_N0208_R053_T20NPJ_20191122T160846.SAFE/S2A_MSIL1C_20191122T142731_N0208_R053_T20NPJ_20191122T160846.SAFE/GRANULE\L1C_T20NPJ_A023073_20191122T142731\MTD_TL.xml,5b28bd024e2e3fdebcf98066142fdc35
AUX_ECMWFT,S2A_MSIL1C_20191122T142731_N0208_R053_T20NPJ_20191122T160846.SAFE/S2A_MSIL1C_20191122T142731_N0208_R053_T20NPJ_20191122T160846.SAFE/GRANULE\L1C_T20NPJ_A023073_20191122T142731\AUX_DATA\AUX_ECMWFT,27e250a52e842fd5330d50239b700200
T20NPJ_20191122T142731_B01.jp2,S2A_MSIL1C_20191122T142731_N0208_R053_T20NPJ_20191122T160846.SAFE/S2A_MSIL1C_20191122T142731_N0208_R053_T20NPJ_20191122T160846.SAFE/GRANULE\L1C_T20NPJ_A023073_20191122T142731\IMG_DATA\T20NPJ_20191122T142731_B01.jp2,3a8b3659d3387c83e878aa0de2011fd4
T20NPJ_20191122T142731_B02.jp2,S2A_MSIL1C_20191122T142731_N0208_R053_T20NPJ_20191122T160846.SAFE/S2A_MSIL1C_20191122T142731_N0208_R053_T20NPJ_20191122T160846.SAFE/GRANULE\L1C_T20NPJ_A023073_20191122T142731\IMG_DATA\T20NPJ_20191122T142731_B02.jp2,09b230c28688cecd8e5c4f0bb29fedd2
T20NPJ_20191122T142731_B03.jp2,S2A_MSIL1C_20191122T142731_N0208_R053_T20NPJ_20191122T160846.SAFE/S2A_MSIL1C_20191122T142731_N0208_R053_T20NPJ_20191122T160846.SAFE/GRANULE\L1C_T20NPJ_A023073_20191122T142731\IMG_DATA\T20NPJ_20191122T142731_B03.jp2,e4bd4e00b0b4f1c5b554b8fe92652b71
T20NPJ_20191122T142731_B04.jp2,S2A_MSIL1C_20191122T142731_N0208_R053_T20NPJ_20191122T160846.SAFE/S2A_MSIL1C_20191122T142731_N0208_R053_T20NPJ_20191122T160846.SAFE/GRANULE\L1C_T20NPJ_A023073_20191122T142731\IMG_DATA\T20NPJ_20191122T142731_B04.jp2,845c402427f4bba17511cba50aaac8dc
T20NPJ_20191122T142731_B05.jp2,S2A_MSIL1C_20191122T142731_N0208_R053_T20NPJ_20191122T160846.SAFE/S2A_MSIL1C_20191122T142731_N0208_R053_T20NPJ_20191122T160846.SAFE/GRANULE\L1C_T20NPJ_A023073_20191122T142731\IMG_DATA\T20NPJ_20191122T142731_B05.jp2,121eb6d9db7c114ea1668bd07038a18e
T20NPJ_20191122T142731_B06.jp2,S2A_MSIL1C_20191122T142731_N0208_R053_T20NPJ_20191122T160846.SAFE/S2A_MSIL1C_20191122T142731_N0208_R053_T20NPJ_20191122T160846.SAFE/GRANULE\L1C_T20NPJ_A023073_20191122T142731\IMG_DATA\T20NPJ_20191122T142731_B06.jp2,507ee7b2110a404d2a32a69a56cc5b57
T20NPJ_20191122T142731_B07.jp2,S2A_MSIL1C_20191122T142731_N0208_R053_T20NPJ_20191122T160846.SAFE/S2A_MSIL1C_20191122T142731_N0208_R053_T20NPJ_20191122T160846.SAFE/GRANULE\L1C_T20NPJ_A023073_20191122T142731\IMG_DATA\T20NPJ_20191122T142731_B07.jp2,087ded1b6f537fd7a8ba9bf3c918da02
T20NPJ_20191122T142731_B08.jp2,S2A_MSIL1C_20191122T142731_N0208_R053_T20NPJ_20191122T160846.SAFE/S2A_MSIL1C_20191122T142731_N0208_R053_T20NPJ_20191122T160846.SAFE/GRANULE\L1C_T20NPJ_A023073_20191122T142731\IMG_DATA\T20NPJ_20191122T142731_B08.jp2,6524d6edd93fb9508e9d81802f19bab3
T20NPJ_20191122T142731_B09.jp2,S2A_MSIL1C_20191122T142731_N0208_R053_T20NPJ_20191122T160846.SAFE/S2A_MSIL1C_20191122T142731_N0208_R053_T20NPJ_20191122T160846.SAFE/GRANULE\L1C_T20NPJ_A023073_20191122T142731\IMG_DATA\T20NPJ_20191122T142731_B09.jp2,0b6397dba16f049c3011a95b936d0a1c
T20NPJ_20191122T142731_B10.jp2,S2A_MSIL1C_20191122T142731_N0208_R053_T20NPJ_20191122T160846.SAFE/S2A_MSIL1C_20191122T142731_N0208_R053_T20NPJ_20191122T160846.SAFE/GRANULE\L1C_T20NPJ_A023073_20191122T142731\IMG_DATA\T20NPJ_20191122T142731_B10.jp2,3aaf35fb9828be966f8954f67169948d
T20NPJ_20191122T142731_B11.jp2,S2A_MSIL1C_20191122T142731_N0208_R053_T20NPJ_20191122T160846.SAFE/S2A_MSIL1C_20191122T142731_N0208_R053_T20NPJ_20191122T160846.SAFE/GRANULE\L1C_T20NPJ_A023073_20191122T142731\IMG_DATA\T20NPJ_20191122T142731_B11.jp2,060f373c689ede71bc3081d7429cdf10
T20NPJ_20191122T142731_B12.jp2,S2A_MSIL1C_20191122T142731_N0208_R053_T20NPJ_20191122T160846.SAFE/S2A_MSIL1C_20191122T142731_N0208_R053_T20NPJ_20191122T160846.SAFE/GRANULE\L1C_T20NPJ_A023073_20191122T142731\IMG_DATA\T20NPJ_20191122T142731_B12.jp2,b813f96941a0015cff6409950be5233b
T20NPJ_20191122T142731_B8A.jp2,S2A_MSIL1C_20191122T142731_N0208_R053_T20NPJ_20191122T160846.SAFE/S2A_MSIL1C_20191122T142731_N0208_R053_T20NPJ_20191122T160846.SAFE/GRANULE\L1C_T20NPJ_A023073_20191122T142731\IMG_DATA\T20NPJ_20191122T142731_B8A.jp2,bb88cf9653a7337556d395f801339ded
T20NPJ_20191122T142731_TCI.jp2,S2A_MSIL1C_20191122T142731_N0208_R053_T20NPJ_20191122T160846.SAFE/S2A_MSIL1C_20191122T142731_N0208_R053_T20NPJ_20191122T160846.SAFE/GRANULE\L1C_T20NPJ_A023073_20191122T142731\IMG_DATA\T20NPJ_20191122T142731_TCI.jp2,5530d44da53be05de44dfb962adfde51
FORMAT_CORRECTNESS.xml,S2A_MSIL1C_20191122T142731_N0208_R053_T20NPJ_20191122T160846.SAFE/S2A_MSIL1C_20191122T142731_N0208_R053_T20NPJ_20191122T160846.SAFE/GRANULE\L1C_T20NPJ_A023073_20191122T142731\QI_DATA\FORMAT_CORRECTNESS.xml,0e1d34a70d91959845106355a90bc950
GENERAL_QUALITY.xml,S2A_MSIL1C_20191122T142731_N0208_R053_T20NPJ_20191122T160846.SAFE/S2A_MSIL1C_20191122T142731_N0208_R053_T20NPJ_20191122T160846.SAFE/GRANULE\L1C_T20NPJ_A023073_20191122T142731\QI_DATA\GENERAL_QUALITY.xml,cdaefae1d8ba554e789fee215134328c
GEOMETRIC_QUALITY.xml,S2A_MSIL1C_20191122T142731_N0208_R053_T20NPJ_20191122T160846.SAFE/S2A_MSIL1C_20191122T142731_N0208_R053_T20NPJ_20191122T160846.SAFE/GRANULE\L1C_T20NPJ_A023073_20191122T142731\QI_DATA\GEOMETRIC_QUALITY.xml,f9b2f0d98a96db5a907a7df23dea93ce
MSK_CLOUDS_B00.gml,S2A_MSIL1C_20191122T142731_N0208_R053_T20NPJ_20191122T160846.SAFE/S2A_MSIL1C_20191122T142731_N0208_R053_T20NPJ_20191122T160846.SAFE/GRANULE\L1C_T20NPJ_A023073_20191122T142731\QI_DATA\MSK_CLOUDS_B00.gml,cb1ced432d2879c3f325eb6c350d1444
MSK_DEFECT_B01.gml,S2A_MSIL1C_20191122T142731_N0208_R053_T20NPJ_20191122T160846.SAFE/S2A_MSIL1C_20191122T142731_N0208_R053_T20NPJ_20191122T160846.SAFE/GRANULE\L1C_T20NPJ_A023073_20191122T142731\QI_DATA\MSK_DEFECT_B01.gml,63a439460cf71ca06fc10f41ce118ed4
MSK_DEFECT_B02.gml,S2A_MSIL1C_20191122T142731_N0208_R053_T20NPJ_20191122T160846.SAFE/S2A_MSIL1C_20191122T142731_N0208_R053_T20NPJ_20191122T160846.SAFE/GRANULE\L1C_T20NPJ_A023073_20191122T142731\QI_DATA\MSK_DEFECT_B02.gml,98a15d3dd867854b1a179fdf7c294a35
MSK_DEFECT_B03.gml,S2A_MSIL1C_20191122T142731_N0208_R053_T20NPJ_20191122T160846.SAFE/S2A_MSIL1C_20191122T142731_N0208_R053_T20NPJ_20191122T160846.SAFE/GRANULE\L1C_T20NPJ_A023073_20191122T142731\QI_DATA\MSK_DEFECT_B03.gml,0ae8abf579b5ad959ee7b55b9e4beeb7
MSK_DEFECT_B04.gml,S2A_MSIL1C_20191122T142731_N0208_R053_T20NPJ_20191122T160846.SAFE/S2A_MSIL1C_20191122T142731_N0208_R053_T20NPJ_20191122T160846.SAFE/GRANULE\L1C_T20NPJ_A023073_20191122T142731\QI_DATA\MSK_DEFECT_B04.gml,ae015387d7e8b75b4c4495d985e30d29
MSK_DEFECT_B05.gml,S2A_MSIL1C_20191122T142731_N0208_R053_T20NPJ_20191122T160846.SAFE/S2A_MSIL1C_20191122T142731_N0208_R053_T20NPJ_20191122T160846.SAFE/GRANULE\L1C_T20NPJ_A023073_20191122T142731\QI_DATA\MSK_DEFECT_B05.gml,151fcd300db7ebb23795cce9cf1f8269
MSK_DEFECT_B06.gml,S2A_MSIL1C_20191122T142731_N0208_R053_T20NPJ_20191122T160846.SAFE/S2A_MSIL1C_20191122T142731_N0208_R053_T20NPJ_20191122T160846.SAFE/GRANULE\L1C_T20NPJ_A023073_20191122T142731\QI_DATA\MSK_DEFECT_B06.gml,9393fe1657c9dca52292e0fe2ea881ff
MSK_DEFECT_B07.gml,S2A_MSIL1C_20191122T142731_N0208_R053_T20NPJ_20191122T160846.SAFE/S2A_MSIL1C_20191122T142731_N0208_R053_T20NPJ_20191122T160846.SAFE/GRANULE\L1C_T20NPJ_A023073_20191122T142731\QI_DATA\MSK_DEFECT_B07.gml,37d72d7caaef74afb2240c40f7b4a528
MSK_DEFECT_B08.gml,S2A_MSIL1C_20191122T142731_N0208_R053_T20NPJ_20191122T160846.SAFE/S2A_MSIL1C_20191122T142731_N0208_R053_T20NPJ_20191122T160846.SAFE/GRANULE\L1C_T20NPJ_A023073_20191122T142731\QI_DATA\MSK_DEFECT_B08.gml,1a62df0826f553825259f145b4ffc35a
MSK_DEFECT_B09.gml,S2A_MSIL1C_20191122T142731_N0208_R053_T20NPJ_20191122T160846.SAFE/S2A_MSIL1C_20191122T142731_N0208_R053_T20NPJ_20191122T160846.SAFE/GRANULE\L1C_T20NPJ_A023073_20191122T142731\QI_DATA\MSK_DEFECT_B09.gml,1aaf517476b771edb69d45ed3af30aca
MSK_DEFECT_B10.gml,S2A_MSIL1C_20191122T142731_N0208_R053_T20NPJ_20191122T160846.SAFE/S2A_MSIL1C_20191122T142731_N0208_R053_T20NPJ_20191122T160846.SAFE/GRANULE\L1C_T20NPJ_A023073_20191122T142731\QI_DATA\MSK_DEFECT_B10.gml,0e085de1aa8f27a15ed3bc8e16b17f36
MSK_DEFECT_B11.gml,S2A_MSIL1C_20191122T142731_N0208_R053_T20NPJ_20191122T160846.SAFE/S2A_MSIL1C_20191122T142731_N0208_R053_T20NPJ_20191122T160846.SAFE/GRANULE\L1C_T20NPJ_A023073_20191122T142731\QI_DATA\MSK_DEFECT_B11.gml,2c63cccf3f6a6997794b6826556a24bb
MSK_DEFECT_B12.gml,S2A_MSIL1C_20191122T142731_N0208_R053_T20NPJ_20191122T160846.SAFE/S2A_MSIL1C_20191122T142731_N0208_R053_T20NPJ_20191122T160846.SAFE/GRANULE\L1C_T20NPJ_A023073_20191122T142731\QI_DATA\MSK_DEFECT_B12.gml,1b9fd85b4e34efd7297962abe9913bb1
MSK_DEFECT_B8A.gml,S2A_MSIL1C_20191122T142731_N0208_R053_T20NPJ_20191122T160846.SAFE/S2A_MSIL1C_20191122T142731_N0208_R053_T20NPJ_20191122T160846.SAFE/GRANULE\L1C_T20NPJ_A023073_20191122T142731\QI_DATA\MSK_DEFECT_B8A.gml,7d34e6983985eee0dfce6f8f59957777
MSK_DETFOO_B01.gml,S2A_MSIL1C_20191122T142731_N0208_R053_T20NPJ_20191122T160846.SAFE/S2A_MSIL1C_20191122T142731_N0208_R053_T20NPJ_20191122T160846.SAFE/GRANULE\L1C_T20NPJ_A023073_20191122T142731\QI_DATA\MSK_DETFOO_B01.gml,09ade992daecd85483d68d66d935aaa3
MSK_DETFOO_B02.gml,S2A_MSIL1C_20191122T142731_N0208_R053_T20NPJ_20191122T160846.SAFE/S2A_MSIL1C_20191122T142731_N0208_R053_T20NPJ_20191122T160846.SAFE/GRANULE\L1C_T20NPJ_A023073_20191122T142731\QI_DATA\MSK_DETFOO_B02.gml,041049fa9e1b7ad00de4c805aeb54311
MSK_DETFOO_B03.gml,S2A_MSIL1C_20191122T142731_N0208_R053_T20NPJ_20191122T160846.SAFE/S2A_MSIL1C_20191122T142731_N0208_R053_T20NPJ_20191122T160846.SAFE/GRANULE\L1C_T20NPJ_A023073_20191122T142731\QI_DATA\MSK_DETFOO_B03.gml,e9b9c2301aa808c29d211e17079a400f
MSK_DETFOO_B04.gml,S2A_MSIL1C_20191122T142731_N0208_R053_T20NPJ_20191122T160846.SAFE/S2A_MSIL1C_20191122T142731_N0208_R053_T20NPJ_20191122T160846.SAFE/GRANULE\L1C_T20NPJ_A023073_20191122T142731\QI_DATA\MSK_DETFOO_B04.gml,80bcb2ff01012cd8ce851ee88bb43d0e
MSK_DETFOO_B05.gml,S2A_MSIL1C_20191122T142731_N0208_R053_T20NPJ_20191122T160846.SAFE/S2A_MSIL1C_20191122T142731_N0208_R053_T20NPJ_20191122T160846.SAFE/GRANULE\L1C_T20NPJ_A023073_20191122T142731\QI_DATA\MSK_DETFOO_B05.gml,3a3261b32a3066d7135af5f1859d4ed3
MSK_DETFOO_B06.gml,S2A_MSIL1C_20191122T142731_N0208_R053_T20NPJ_20191122T160846.SAFE/S2A_MSIL1C_20191122T142731_N0208_R053_T20NPJ_20191122T160846.SAFE/GRANULE\L1C_T20NPJ_A023073_20191122T142731\QI_DATA\MSK_DETFOO_B06.gml,94f5c4dd9e1a88f03ac80b81ab24470f
MSK_DETFOO_B07.gml,S2A_MSIL1C_20191122T142731_N0208_R053_T20NPJ_20191122T160846.SAFE/S2A_MSIL1C_20191122T142731_N0208_R053_T20NPJ_20191122T160846.SAFE/GRANULE\L1C_T20NPJ_A023073_20191122T142731\QI_DATA\MSK_DETFOO_B07.gml,5f5107db3f4a878684a420645954cfba
MSK_DETFOO_B08.gml,S2A_MSIL1C_20191122T142731_N0208_R053_T20NPJ_20191122T160846.SAFE/S2A_MSIL1C_20191122T142731_N0208_R053_T20NPJ_20191122T160846.SAFE/GRANULE\L1C_T20NPJ_A023073_20191122T142731\QI_DATA\MSK_DETFOO_B08.gml,ed7f5a2ba129a0048c4a19e26e89ae3c
MSK_DETFOO_B09.gml,S2A_MSIL1C_20191122T142731_N0208_R053_T20NPJ_20191122T160846.SAFE/S2A_MSIL1C_20191122T142731_N0208_R053_T20NPJ_20191122T160846.SAFE/GRANULE\L1C_T20NPJ_A023073_20191122T142731\QI_DATA\MSK_DETFOO_B09.gml,15d40bffa20d8d23f5ac25b7b281394c
MSK_DETFOO_B10.gml,S2A_MSIL1C_20191122T142731_N0208_R053_T20NPJ_20191122T160846.SAFE/S2A_MSIL1C_20191122T142731_N0208_R053_T20NPJ_20191122T160846.SAFE/GRANULE\L1C_T20NPJ_A023073_20191122T142731\QI_DATA\MSK_DETFOO_B10.gml,d93f0c2639e6b2b7e258f6ff0508a2ee
MSK_DETFOO_B11.gml,S2A_MSIL1C_20191122T142731_N0208_R053_T20NPJ_20191122T160846.SAFE/S2A_MSIL1C_20191122T142731_N0208_R053_T20NPJ_20191122T160846.SAFE/GRANULE\L1C_T20NPJ_A023073_20191122T142731\QI_DATA\MSK_DETFOO_B11.gml,52a0ef879268cd4c66497b9f2ea7d122
MSK_DETFOO_B12.gml,S2A_MSIL1C_20191122T142731_N0208_R053_T20NPJ_20191122T160846.SAFE/S2A_MSIL1C_20191122T142731_N0208_R053_T20NPJ_20191122T160846.SAFE/GRANULE\L1C_T20NPJ_A023073_20191122T142731\QI_DATA\MSK_DETFOO_B12.gml,4f7f6c9b37a4ffd9e8333b5b903aca09
MSK_DETFOO_B8A.gml,S2A_MSIL1C_20191122T142731_N0208_R053_T20NPJ_20191122T160846.SAFE/S2A_MSIL1C_20191122T142731_N0208_R053_T20NPJ_20191122T160846.SAFE/GRANULE\L1C_T20NPJ_A023073_20191122T142731\QI_DATA\MSK_DETFOO_B8A.gml,0850f3201463e8965a75be2db281c520
MSK_NODATA_B01.gml,S2A_MSIL1C_20191122T142731_N0208_R053_T20NPJ_20191122T160846.SAFE/S2A_MSIL1C_20191122T142731_N0208_R053_T20NPJ_20191122T160846.SAFE/GRANULE\L1C_T20NPJ_A023073_20191122T142731\QI_DATA\MSK_NODATA_B01.gml,2aa838dfccf5e27b9ddd46f3f402e23b
MSK_NODATA_B02.gml,S2A_MSIL1C_20191122T142731_N0208_R053_T20NPJ_20191122T160846.SAFE/S2A_MSIL1C_20191122T142731_N0208_R053_T20NPJ_20191122T160846.SAFE/GRANULE\L1C_T20NPJ_A023073_20191122T142731\QI_DATA\MSK_NODATA_B02.gml,6eb46da46c0424a77a51484e9071d248
MSK_NODATA_B03.gml,S2A_MSIL1C_20191122T142731_N0208_R053_T20NPJ_20191122T160846.SAFE/S2A_MSIL1C_20191122T142731_N0208_R053_T20NPJ_20191122T160846.SAFE/GRANULE\L1C_T20NPJ_A023073_20191122T142731\QI_DATA\MSK_NODATA_B03.gml,afed4de7a5d0c08abeb354cf5097a6b9
MSK_NODATA_B04.gml,S2A_MSIL1C_20191122T142731_N0208_R053_T20NPJ_20191122T160846.SAFE/S2A_MSIL1C_20191122T142731_N0208_R053_T20NPJ_20191122T160846.SAFE/GRANULE\L1C_T20NPJ_A023073_20191122T142731\QI_DATA\MSK_NODATA_B04.gml,53ca6680d7b78e9ee4ee71efbc86bafd
MSK_NODATA_B05.gml,S2A_MSIL1C_20191122T142731_N0208_R053_T20NPJ_20191122T160846.SAFE/S2A_MSIL1C_20191122T142731_N0208_R053_T20NPJ_20191122T160846.SAFE/GRANULE\L1C_T20NPJ_A023073_20191122T142731\QI_DATA\MSK_NODATA_B05.gml,d5b0c20fe797ba8c8e2196b3971cba8f
MSK_NODATA_B06.gml,S2A_MSIL1C_20191122T142731_N0208_R053_T20NPJ_20191122T160846.SAFE/S2A_MSIL1C_20191122T142731_N0208_R053_T20NPJ_20191122T160846.SAFE/GRANULE\L1C_T20NPJ_A023073_20191122T142731\QI_DATA\MSK_NODATA_B06.gml,6ff9a5e9e190e52bd67d405de7ae9fdf
MSK_NODATA_B07.gml,S2A_MSIL1C_20191122T142731_N0208_R053_T20NPJ_20191122T160846.SAFE/S2A_MSIL1C_20191122T142731_N0208_R053_T20NPJ_20191122T160846.SAFE/GRANULE\L1C_T20NPJ_A023073_20191122T142731\QI_DATA\MSK_NODATA_B07.gml,4f662760b8362b9edbb300a4e85b281e
MSK_NODATA_B08.gml,S2A_MSIL1C_20191122T142731_N0208_R053_T20NPJ_20191122T160846.SAFE/S2A_MSIL1C_20191122T142731_N0208_R053_T20NPJ_20191122T160846.SAFE/GRANULE\L1C_T20NPJ_A023073_20191122T142731\QI_DATA\MSK_NODATA_B08.gml,6bdba33dca3a5978067882533415cef6
MSK_NODATA_B09.gml,S2A_MSIL1C_20191122T142731_N0208_R053_T20NPJ_20191122T160846.SAFE/S2A_MSIL1C_20191122T142731_N0208_R053_T20NPJ_20191122T160846.SAFE/GRANULE\L1C_T20NPJ_A023073_20191122T142731\QI_DATA\MSK_NODATA_B09.gml,a6c412785f3de8f5d2e9f244c026c5d6
MSK_NODATA_B10.gml,S2A_MSIL1C_20191122T142731_N0208_R053_T20NPJ_20191122T160846.SAFE/S2A_MSIL1C_20191122T142731_N0208_R053_T20NPJ_20191122T160846.SAFE/GRANULE\L1C_T20NPJ_A023073_20191122T142731\QI_DATA\MSK_NODATA_B10.gml,5c95f710bdcf78b446c1250bf41234f7
MSK_NODATA_B11.gml,S2A_MSIL1C_20191122T142731_N0208_R053_T20NPJ_20191122T160846.SAFE/S2A_MSIL1C_20191122T142731_N0208_R053_T20NPJ_20191122T160846.SAFE/GRANULE\L1C_T20NPJ_A023073_20191122T142731\QI_DATA\MSK_NODATA_B11.gml,0c7bcfbab72b71abdea6da0a53f96c9e
MSK_NODATA_B12.gml,S2A_MSIL1C_20191122T142731_N0208_R053_T20NPJ_20191122T160846.SAFE/S2A_MSIL1C_20191122T142731_N0208_R053_T20NPJ_20191122T160846.SAFE/GRANULE\L1C_T20NPJ_A023073_20191122T142731\QI_DATA\MSK_NODATA_B12.gml,19b8ad5a75bd96f2d9c3a99999f88602
MSK_NODATA_B8A.gml,S2A_MSIL1C_20191122T142731_N0208_R053_T20NPJ_20191122T160846.SAFE/S2A_MSIL1C_20191122T142731_N0208_R053_T20NPJ_20191122T160846.SAFE/GRANULE\L1C_T20NPJ_A023073_20191122T142731\QI_DATA\MSK_NODATA_B8A.gml,156b7fcce435a1bccdc9b3a1587844bd
MSK_SATURA_B01.gml,S2A_MSIL1C_20191122T142731_N0208_R053_T20NPJ_20191122T160846.SAFE/S2A_MSIL1C_20191122T142731_N0208_R053_T20NPJ_20191122T160846.SAFE/GRANULE\L1C_T20NPJ_A023073_20191122T142731\QI_DATA\MSK_SATURA_B01.gml,5b91bf7656ac0041d7925c44f17e1884
MSK_SATURA_B02.gml,S2A_MSIL1C_20191122T142731_N0208_R053_T20NPJ_20191122T160846.SAFE/S2A_MSIL1C_20191122T142731_N0208_R053_T20NPJ_20191122T160846.SAFE/GRANULE\L1C_T20NPJ_A023073_20191122T142731\QI_DATA\MSK_SATURA_B02.gml,18ad5a5f25c4d019ce946f9f827cb066
MSK_SATURA_B03.gml,S2A_MSIL1C_20191122T142731_N0208_R053_T20NPJ_20191122T160846.SAFE/S2A_MSIL1C_20191122T142731_N0208_R053_T20NPJ_20191122T160846.SAFE/GRANULE\L1C_T20NPJ_A023073_20191122T142731\QI_DATA\MSK_SATURA_B03.gml,4fdceb20af1936d9a38d10dda21bcf17
MSK_SATURA_B04.gml,S2A_MSIL1C_20191122T142731_N0208_R053_T20NPJ_20191122T160846.SAFE/S2A_MSIL1C_20191122T142731_N0208_R053_T20NPJ_20191122T160846.SAFE/GRANULE\L1C_T20NPJ_A023073_20191122T142731\QI_DATA\MSK_SATURA_B04.gml,455d9bf6783d877600b0f197572fb730
MSK_SATURA_B05.gml,S2A_MSIL1C_20191122T142731_N0208_R053_T20NPJ_20191122T160846.SAFE/S2A_MSIL1C_20191122T142731_N0208_R053_T20NPJ_20191122T160846.SAFE/GRANULE\L1C_T20NPJ_A023073_20191122T142731\QI_DATA\MSK_SATURA_B05.gml,6d070814e3a5ee6cc8c4c2563c6ec3b2
MSK_SATURA_B06.gml,S2A_MSIL1C_20191122T142731_N0208_R053_T20NPJ_20191122T160846.SAFE/S2A_MSIL1C_20191122T142731_N0208_R053_T20NPJ_20191122T160846.SAFE/GRANULE\L1C_T20NPJ_A023073_20191122T142731\QI_DATA\MSK_SATURA_B06.gml,fed46dd61b4f235a504007788593c4f6
MSK_SATURA_B07.gml,S2A_MSIL1C_20191122T142731_N0208_R053_T20NPJ_20191122T160846.SAFE/S2A_MSIL1C_20191122T142731_N0208_R053_T20NPJ_20191122T160846.SAFE/GRANULE\L1C_T20NPJ_A023073_20191122T142731\QI_DATA\MSK_SATURA_B07.gml,175f8c51069fe449dc68c95aee42db55
MSK_SATURA_B08.gml,S2A_MSIL1C_20191122T142731_N0208_R053_T20NPJ_20191122T160846.SAFE/S2A_MSIL1C_20191122T142731_N0208_R053_T20NPJ_20191122T160846.SAFE/GRANULE\L1C_T20NPJ_A023073_20191122T142731\QI_DATA\MSK_SATURA_B08.gml,cb75e02e22573fdf3ed126fbae9d9e70
MSK_SATURA_B09.gml,S2A_MSIL1C_20191122T142731_N0208_R053_T20NPJ_20191122T160846.SAFE/S2A_MSIL1C_20191122T142731_N0208_R053_T20NPJ_20191122T160846.SAFE/GRANULE\L1C_T20NPJ_A023073_20191122T142731\QI_DATA\MSK_SATURA_B09.gml,81d19f82ae750cba3f3b0ceb3501afa5
MSK_SATURA_B10.gml,S2A_MSIL1C_20191122T142731_N0208_R053_T20NPJ_20191122T160846.SAFE/S2A_MSIL1C_20191122T142731_N0208_R053_T20NPJ_20191122T160846.SAFE/GRANULE\L1C_T20NPJ_A023073_20191122T142731\QI_DATA\MSK_SATURA_B10.gml,3bc12cffb1af6a977f01b0906b43761d
MSK_SATURA_B11.gml,S2A_MSIL1C_20191122T142731_N0208_R053_T20NPJ_20191122T160846.SAFE/S2A_MSIL1C_20191122T142731_N0208_R053_T20NPJ_20191122T160846.SAFE/GRANULE\L1C_T20NPJ_A023073_20191122T142731\QI_DATA\MSK_SATURA_B11.gml,815e0dbeeb05170ad23929d1990fcbf6
MSK_SATURA_B12.gml,S2A_MSIL1C_20191122T142731_N0208_R053_T20NPJ_20191122T160846.SAFE/S2A_MSIL1C_20191122T142731_N0208_R053_T20NPJ_20191122T160846.SAFE/GRANULE\L1C_T20NPJ_A023073_20191122T142731\QI_DATA\MSK_SATURA_B12.gml,4b0f57ef8d5b78d44e2297e2f7c17ffb
MSK_SATURA_B8A.gml,S2A_MSIL1C_20191122T142731_N0208_R053_T20NPJ_20191122T160846.SAFE/S2A_MSIL1C_20191122T142731_N0208_R053_T20NPJ_20191122T160846.SAFE/GRANULE\L1C_T20NPJ_A023073_20191122T142731\QI_DATA\MSK_SATURA_B8A.gml,8424034b5563e5945aa71417309d0a61
MSK_TECQUA_B01.gml,S2A_MSIL1C_20191122T142731_N0208_R053_T20NPJ_20191122T160846.SAFE/S2A_MSIL1C_20191122T142731_N0208_R053_T20NPJ_20191122T160846.SAFE/GRANULE\L1C_T20NPJ_A023073_20191122T142731\QI_DATA\MSK_TECQUA_B01.gml,ed03d4c556c420a7f3ee6a99cf155339
MSK_TECQUA_B02.gml,S2A_MSIL1C_20191122T142731_N0208_R053_T20NPJ_20191122T160846.SAFE/S2A_MSIL1C_20191122T142731_N0208_R053_T20NPJ_20191122T160846.SAFE/GRANULE\L1C_T20NPJ_A023073_20191122T142731\QI_DATA\MSK_TECQUA_B02.gml,c7d009f5bbc661daa98abd14b854966d
MSK_TECQUA_B03.gml,S2A_MSIL1C_20191122T142731_N0208_R053_T20NPJ_20191122T160846.SAFE/S2A_MSIL1C_20191122T142731_N0208_R053_T20NPJ_20191122T160846.SAFE/GRANULE\L1C_T20NPJ_A023073_20191122T142731\QI_DATA\MSK_TECQUA_B03.gml,e6257485a3dea53b329d9821b0e174f5
MSK_TECQUA_B04.gml,S2A_MSIL1C_20191122T142731_N0208_R053_T20NPJ_20191122T160846.SAFE/S2A_MSIL1C_20191122T142731_N0208_R053_T20NPJ_20191122T160846.SAFE/GRANULE\L1C_T20NPJ_A023073_20191122T142731\QI_DATA\MSK_TECQUA_B04.gml,29f4e44779e3e290548428098db2a374
MSK_TECQUA_B05.gml,S2A_MSIL1C_20191122T142731_N0208_R053_T20NPJ_20191122T160846.SAFE/S2A_MSIL1C_20191122T142731_N0208_R053_T20NPJ_20191122T160846.SAFE/GRANULE\L1C_T20NPJ_A023073_20191122T142731\QI_DATA\MSK_TECQUA_B05.gml,0c3e25bdb117d14e1b3d2ed97622787f
MSK_TECQUA_B06.gml,S2A_MSIL1C_20191122T142731_N0208_R053_T20NPJ_20191122T160846.SAFE/S2A_MSIL1C_20191122T142731_N0208_R053_T20NPJ_20191122T160846.SAFE/GRANULE\L1C_T20NPJ_A023073_20191122T142731\QI_DATA\MSK_TECQUA_B06.gml,f705eb239d5e060b65234c4ba92795dd
MSK_TECQUA_B07.gml,S2A_MSIL1C_20191122T142731_N0208_R053_T20NPJ_20191122T160846.SAFE/S2A_MSIL1C_20191122T142731_N0208_R053_T20NPJ_20191122T160846.SAFE/GRANULE\L1C_T20NPJ_A023073_20191122T142731\QI_DATA\MSK_TECQUA_B07.gml,3d5eb3a2761e4e776b07bb011eadaa95
MSK_TECQUA_B08.gml,S2A_MSIL1C_20191122T142731_N0208_R053_T20NPJ_20191122T160846.SAFE/S2A_MSIL1C_20191122T142731_N0208_R053_T20NPJ_20191122T160846.SAFE/GRANULE\L1C_T20NPJ_A023073_20191122T142731\QI_DATA\MSK_TECQUA_B08.gml,2c0aacbb1ce854c709f443e8674829ec
MSK_TECQUA_B09.gml,S2A_MSIL1C_20191122T142731_N0208_R053_T20NPJ_20191122T160846.SAFE/S2A_MSIL1C_20191122T142731_N0208_R053_T20NPJ_20191122T160846.SAFE/GRANULE\L1C_T20NPJ_A023073_20191122T142731\QI_DATA\MSK_TECQUA_B09.gml,a16490650106486677fee80f01f7bee3
MSK_TECQUA_B10.gml,S2A_MSIL1C_20191122T142731_N0208_R053_T20NPJ_20191122T160846.SAFE/S2A_MSIL1C_20191122T142731_N0208_R053_T20NPJ_20191122T160846.SAFE/GRANULE\L1C_T20NPJ_A023073_20191122T142731\QI_DATA\MSK_TECQUA_B10.gml,99555c9cb75fab2a797394f5026bc120
MSK_TECQUA_B11.gml,S2A_MSIL1C_20191122T142731_N0208_R053_T20NPJ_20191122T160846.SAFE/S2A_MSIL1C_20191122T142731_N0208_R053_T20NPJ_20191122T160846.SAFE/GRANULE\L1C_T20NPJ_A023073_20191122T142731\QI_DATA\MSK_TECQUA_B11.gml,6e0eb304824f6f5a84295749ab1fb54c
MSK_TECQUA_B12.gml,S2A_MSIL1C_20191122T142731_N0208_R053_T20NPJ_20191122T160846.SAFE/S2A_MSIL1C_20191122T142731_N0208_R053_T20NPJ_20191122T160846.SAFE/GRANULE\L1C_T20NPJ_A023073_20191122T142731\QI_DATA\MSK_TECQUA_B12.gml,f7e47bd13f7a473ef25a16ba5675306e
MSK_TECQUA_B8A.gml,S2A_MSIL1C_20191122T142731_N0208_R053_T20NPJ_20191122T160846.SAFE/S2A_MSIL1C_20191122T142731_N0208_R053_T20NPJ_20191122T160846.SAFE/GRANULE\L1C_T20NPJ_A023073_20191122T142731\QI_DATA\MSK_TECQUA_B8A.gml,822da51dbb4e2ff5ebf1f5fe4e7b3705
SENSOR_QUALITY.xml,S2A_MSIL1C_20191122T142731_N0208_R053_T20NPJ_20191122T160846.SAFE/S2A_MSIL1C_20191122T142731_N0208_R053_T20NPJ_20191122T160846.SAFE/GRANULE\L1C_T20NPJ_A023073_20191122T142731\QI_DATA\SENSOR_QUALITY.xml,aabb6e5967cb3e585877bcf02389efce
T20NPJ_20191122T142731_PVI.jp2,S2A_MSIL1C_20191122T142731_N0208_R053_T20NPJ_20191122T160846.SAFE/S2A_MSIL1C_20191122T142731_N0208_R053_T20NPJ_20191122T160846.SAFE/GRANULE\L1C_T20NPJ_A023073_20191122T142731\QI_DATA\T20NPJ_20191122T142731_PVI.jp2,e8b442a93796c89e7f8bdb2499486d2e
banner_1.png,S2A_MSIL1C_20191122T142731_N0208_R053_T20NPJ_20191122T160846.SAFE/S2A_MSIL1C_20191122T142731_N0208_R053_T20NPJ_20191122T160846.SAFE/HTML\banner_1.png,aa200a61bddf144bf4fcc3e8fa9f60e8
banner_2.png,S2A_MSIL1C_20191122T142731_N0208_R053_T20NPJ_20191122T160846.SAFE/S2A_MSIL1C_20191122T142731_N0208_R053_T20NPJ_20191122T160846.SAFE/HTML\banner_2.png,93743e7df0c9eecb94ec21ea1f9ee234
banner_3.png,S2A_MSIL1C_20191122T142731_N0208_R053_T20NPJ_20191122T160846.SAFE/S2A_MSIL1C_20191122T142731_N0208_R053_T20NPJ_20191122T160846.SAFE/HTML\banner_3.png,2f8bc4f0ae399cf8f5f39b6cef1120cf
star_bg.jpg,S2A_MSIL1C_20191122T142731_N0208_R053_T20NPJ_20191122T160846.SAFE/S2A_MSIL1C_20191122T142731_N0208_R053_T20NPJ_20191122T160846.SAFE/HTML\star_bg.jpg,7c53d7c9332e050d62fbcc3c0fa6b97f
UserProduct_index.html,S2A_MSIL1C_20191122T142731_N0208_R053_T20NPJ_20191122T160846.SAFE/S2A_MSIL1C_20191122T142731_N0208_R053_T20NPJ_20191122T160846.SAFE/HTML\UserProduct_index.html,a9c865a42bf8bc83da7ca8a7dd66b789
UserProduct_index.xsl,S2A_MSIL1C_20191122T142731_N0208_R053_T20NPJ_20191122T160846.SAFE/S2A_MSIL1C_20191122T142731_N0208_R053_T20NPJ_20191122T160846.SAFE/HTML\UserProduct_index.xsl,334bd5408d814fa0783bb61481056df8
S2_User_Product_Level-1C_Metadata.xsd,S2A_MSIL1C_20191122T142731_N0208_R053_T20NPJ_20191122T160846.SAFE/S2A_MSIL1C_20191122T142731_N0208_R053_T20NPJ_20191122T160846.SAFE/rep_info\S2_User_Product_Level-1C_Metadata.xsd,6920309d592e8cfd16422cb911bb98d7
